#
# There is insufficient memory for the Java Runtime Environment to continue.
# Native memory allocation (malloc) failed to allocate 952496 bytes. Error detail: Chunk::new
# Possible reasons:
#   The system is out of physical RAM or swap space
#   This process is running with CompressedOops enabled, and the Java Heap may be blocking the growth of the native heap
# Possible solutions:
#   Reduce memory load on the system
#   Increase physical memory or swap space
#   Check if swap backing store is full
#   Decrease Java heap size (-Xmx/-Xms)
#   Decrease number of Java threads
#   Decrease Java thread stack sizes (-Xss)
#   Set larger code cache with -XX:ReservedCodeCacheSize=
#   JVM is running with Unscaled Compressed Oops mode in which the Java heap is
#     placed in the first 4GB address space. The Java Heap base address is the
#     maximum limit for the native heap growth. Please use -XX:HeapBaseMinAddress
#     to set the Java Heap base and to place the Java Heap above 4GB virtual address.
# This output file may be truncated or incomplete.
#
#  Out of Memory Error (arena.cpp:168), pid=13192, tid=1564
#
# JRE version: OpenJDK Runtime Environment (21.0.9) (build 21.0.9+-14649483-b1163.86)
# Java VM: OpenJDK 64-Bit Server VM (21.0.9+-14649483-b1163.86, mixed mode, tiered, compressed oops, compressed class ptrs, g1 gc, windows-amd64)
# No core dump will be written. Minidumps are not enabled by default on client versions of Windows
#

---------------  S U M M A R Y ------------

Command Line: --add-opens=java.base/java.lang=ALL-UNNAMED --add-opens=java.base/java.lang.invoke=ALL-UNNAMED --add-opens=java.base/java.util=ALL-UNNAMED --add-opens=java.prefs/java.util.prefs=ALL-UNNAMED --add-exports=jdk.compiler/com.sun.tools.javac.api=ALL-UNNAMED --add-exports=jdk.compiler/com.sun.tools.javac.util=ALL-UNNAMED --add-opens=java.base/java.util=ALL-UNNAMED --add-opens=java.prefs/java.util.prefs=ALL-UNNAMED --add-opens=java.base/java.nio.charset=ALL-UNNAMED --add-opens=java.base/java.net=ALL-UNNAMED --add-opens=java.base/java.util.concurrent=ALL-UNNAMED --add-opens=java.base/java.util.concurrent.atomic=ALL-UNNAMED --add-opens=java.xml/javax.xml.namespace=ALL-UNNAMED --add-opens=java.base/java.time=ALL-UNNAMED -Xmx2048m -Dfile.encoding=UTF-8 -Duser.country=IN -Duser.language=en -Duser.variant -javaagent:C:\Users\DELL\.gradle\wrapper\dists\gradle-9.2.1-bin\2t0n5ozlw9xmuyvbp7dnzaxug\gradle-9.2.1\lib\agents\gradle-instrumentation-agent-9.2.1.jar org.gradle.launcher.daemon.bootstrap.GradleDaemon 9.2.1

Host: Intel(R) Core(TM) i5-6500T CPU @ 2.50GHz, 4 cores, 7G,  Windows 11 , 64 bit Build 22000 (10.0.22000.2538)
Time: Mon Mar  9 10:20:10 2026 India Standard Time elapsed time: 424.781521 seconds (0d 0h 7m 4s)

---------------  T H R E A D  ---------------

Current thread (0x00000244fe72d7a0):  JavaThread "C2 CompilerThread0" daemon [_thread_in_native, id=1564, stack(0x0000008a74c00000,0x0000008a74d00000) (1024K)]


Current CompileTask:
C2:424786 17720   !   4       org.gradle.internal.service.DefaultServiceRegistry$FactoryService::bind (297 bytes)

Stack: [0x0000008a74c00000,0x0000008a74d00000]
Native frames: (J=compiled Java code, j=interpreted, Vv=VM code, C=native code)
V  [jvm.dll+0x6d6c99]
V  [jvm.dll+0x866b83]
V  [jvm.dll+0x86919e]
V  [jvm.dll+0x869883]
V  [jvm.dll+0x280776]
V  [jvm.dll+0xc07cd]
V  [jvm.dll+0xc0d03]
V  [jvm.dll+0x3b9831]
V  [jvm.dll+0x3856a7]
V  [jvm.dll+0x384b1a]
V  [jvm.dll+0x249462]
V  [jvm.dll+0x248a31]
V  [jvm.dll+0x1c7344]
V  [jvm.dll+0x2581ae]
V  [jvm.dll+0x2566f6]
V  [jvm.dll+0x3f48a6]
V  [jvm.dll+0x80f118]
V  [jvm.dll+0x6d54ed]
C  [ucrtbase.dll+0x26c0c]
C  [KERNEL32.DLL+0x153e0]
C  [ntdll.dll+0x485b]


---------------  P R O C E S S  ---------------

Threads class SMR info:
_java_thread_list=0x000002448bef0320, length=49, elements={
0x00000244eb6f20a0, 0x00000244fe706be0, 0x00000244fe727090, 0x00000244fe727db0,
0x00000244fe728ad0, 0x00000244fe72a540, 0x00000244fe72bfb0, 0x00000244fe72ca10,
0x00000244fe72d7a0, 0x00000244fe715fb0, 0x00000244fea7f250, 0x00000244feb8a140,
0x00000244fef71800, 0x00000244feb1a790, 0x00000244890f93e0, 0x00000244890fa100,
0x00000244890f8d50, 0x0000024489bfbae0, 0x0000024489bfce90, 0x0000024489bfd520,
0x0000024489bfc170, 0x0000024489bfc800, 0x0000024489bfef60, 0x0000024489bfb450,
0x000002448a75b0c0, 0x000002448c247b90, 0x000002448c9f5af0, 0x000002448c9f7bc0,
0x000002448c9fa9b0, 0x00000244920d7b80, 0x00000244920d8210, 0x00000244920d9c50,
0x00000244920d6e60, 0x00000244920da2e0, 0x00000244920d88a0, 0x00000244920d8f30,
0x00000244920da970, 0x00000244920d67d0, 0x00000244920d95c0, 0x00000244920d4070,
0x00000244920d39e0, 0x00000244920db000, 0x00000244920d4700, 0x00000244920d4d90,
0x000002448ce9adf0, 0x000002448ce9e270, 0x000002448ce9c1a0, 0x000002448ce9dbe0,
0x000002448ce9c830
}

Java Threads: ( => current thread )
  0x00000244eb6f20a0 JavaThread "main"                              [_thread_blocked, id=12216, stack(0x0000008a73d00000,0x0000008a73e00000) (1024K)]
  0x00000244fe706be0 JavaThread "Common-Cleaner"             daemon [_thread_blocked, id=12560, stack(0x0000008a74500000,0x0000008a74600000) (1024K)]
  0x00000244fe727090 JavaThread "Reference Handler"          daemon [_thread_blocked, id=9644, stack(0x0000008a74600000,0x0000008a74700000) (1024K)]
  0x00000244fe727db0 JavaThread "Finalizer"                  daemon [_thread_blocked, id=10948, stack(0x0000008a74700000,0x0000008a74800000) (1024K)]
  0x00000244fe728ad0 JavaThread "Signal Dispatcher"          daemon [_thread_blocked, id=11828, stack(0x0000008a74800000,0x0000008a74900000) (1024K)]
  0x00000244fe72a540 JavaThread "Attach Listener"            daemon [_thread_blocked, id=6824, stack(0x0000008a74900000,0x0000008a74a00000) (1024K)]
  0x00000244fe72bfb0 JavaThread "Service Thread"             daemon [_thread_blocked, id=1304, stack(0x0000008a74a00000,0x0000008a74b00000) (1024K)]
  0x00000244fe72ca10 JavaThread "Monitor Deflation Thread"   daemon [_thread_blocked, id=6444, stack(0x0000008a74b00000,0x0000008a74c00000) (1024K)]
=>0x00000244fe72d7a0 JavaThread "C2 CompilerThread0"         daemon [_thread_in_native, id=1564, stack(0x0000008a74c00000,0x0000008a74d00000) (1024K)]
  0x00000244fe715fb0 JavaThread "C1 CompilerThread0"         daemon [_thread_blocked, id=10052, stack(0x0000008a74d00000,0x0000008a74e00000) (1024K)]
  0x00000244fea7f250 JavaThread "Notification Thread"        daemon [_thread_blocked, id=4352, stack(0x0000008a74e00000,0x0000008a74f00000) (1024K)]
  0x00000244feb8a140 JavaThread "Daemon health stats"               [_thread_blocked, id=9124, stack(0x0000008a75300000,0x0000008a75400000) (1024K)]
  0x00000244fef71800 JavaThread "Incoming local TCP Connector on port 49501"        [_thread_in_native, id=1092, stack(0x0000008a75200000,0x0000008a75300000) (1024K)]
  0x00000244feb1a790 JavaThread "Daemon periodic checks"            [_thread_blocked, id=12524, stack(0x0000008a75400000,0x0000008a75500000) (1024K)]
  0x00000244890f93e0 JavaThread "Cache worker for journal cache (C:\Users\DELL\.gradle\caches\journal-1)"        [_thread_blocked, id=12712, stack(0x0000008a75c00000,0x0000008a75d00000) (1024K)]
  0x00000244890fa100 JavaThread "File lock request listener"        [_thread_in_native, id=452, stack(0x0000008a75d00000,0x0000008a75e00000) (1024K)]
  0x00000244890f8d50 JavaThread "Cache worker for file hash cache (C:\Users\DELL\.gradle\caches\9.2.1\fileHashes)"        [_thread_blocked, id=11944, stack(0x0000008a75e00000,0x0000008a75f00000) (1024K)]
  0x0000024489bfbae0 JavaThread "File watcher server"        daemon [_thread_in_native, id=13124, stack(0x0000008a76100000,0x0000008a76200000) (1024K)]
  0x0000024489bfce90 JavaThread "File watcher consumer"      daemon [_thread_blocked, id=2172, stack(0x0000008a76200000,0x0000008a76300000) (1024K)]
  0x0000024489bfd520 JavaThread "jar transforms"                    [_thread_blocked, id=13080, stack(0x0000008a76400000,0x0000008a76500000) (1024K)]
  0x0000024489bfc170 JavaThread "jar transforms Thread 2"           [_thread_blocked, id=13148, stack(0x0000008a76500000,0x0000008a76600000) (1024K)]
  0x0000024489bfc800 JavaThread "Cache worker for file content cache (C:\Users\DELL\.gradle\caches\9.2.1\fileContent)"        [_thread_blocked, id=9148, stack(0x0000008a76600000,0x0000008a76700000) (1024K)]
  0x0000024489bfef60 JavaThread "jar transforms Thread 3"           [_thread_blocked, id=12168, stack(0x0000008a76900000,0x0000008a76a00000) (1024K)]
  0x0000024489bfb450 JavaThread "jar transforms Thread 4"           [_thread_blocked, id=9840, stack(0x0000008a76c00000,0x0000008a76d00000) (1024K)]
  0x000002448a75b0c0 JavaThread "Memory manager"                    [_thread_blocked, id=5964, stack(0x0000008a73b00000,0x0000008a73c00000) (1024K)]
  0x000002448c247b90 JavaThread "pool-3-thread-1"                   [_thread_blocked, id=2660, stack(0x0000008a77a00000,0x0000008a77b00000) (1024K)]
  0x000002448c9f5af0 JavaThread "pool-6-thread-1"                   [_thread_blocked, id=4456, stack(0x0000008a75b00000,0x0000008a75c00000) (1024K)]
  0x000002448c9f7bc0 JavaThread "Daemon Thread 3"                   [_thread_blocked, id=6720, stack(0x0000008a75500000,0x0000008a75600000) (1024K)]
  0x000002448c9fa9b0 JavaThread "Daemon worker Thread 3"            [_thread_in_vm, id=4728, stack(0x0000008a75900000,0x0000008a75a00000) (1024K)]
  0x00000244920d7b80 JavaThread "pool-9-thread-1"                   [_thread_blocked, id=7028, stack(0x0000008a77600000,0x0000008a77700000) (1024K)]
  0x00000244920d8210 JavaThread "VFS cleanup Thread 3"              [_thread_blocked, id=8468, stack(0x0000008a75a00000,0x0000008a75b00000) (1024K)]
  0x00000244920d9c50 JavaThread "Handler for socket connection from /127.0.0.1:49501 to /127.0.0.1:49884"        [_thread_in_native, id=10384, stack(0x0000008a73c00000,0x0000008a73d00000) (1024K)]
  0x00000244920d6e60 JavaThread "Cancel handler"                    [_thread_blocked, id=12860, stack(0x0000008a75600000,0x0000008a75700000) (1024K)]
  0x00000244920da2e0 JavaThread "Asynchronous log dispatcher for DefaultDaemonConnection: socket connection from /127.0.0.1:49501 to /127.0.0.1:49884"        [_thread_blocked, id=8576, stack(0x0000008a75700000,0x0000008a75800000) (1024K)]
  0x00000244920d88a0 JavaThread "Stdin handler"                     [_thread_blocked, id=14036, stack(0x0000008a75800000,0x0000008a75900000) (1024K)]
  0x00000244920d8f30 JavaThread "Daemon client event forwarder"        [_thread_blocked, id=7932, stack(0x0000008a75f00000,0x0000008a76000000) (1024K)]
  0x00000244920da970 JavaThread "Cache worker for file hash cache (C:\Users\DELL\AndroidStudioProjects\attendance\.gradle\9.2.1\fileHashes)"        [_thread_blocked, id=6388, stack(0x0000008a76000000,0x0000008a76100000) (1024K)]
  0x00000244920d67d0 JavaThread "Cache worker for Build Output Cleanup Cache (C:\Users\DELL\AndroidStudioProjects\attendance\.gradle\buildOutputCleanup)"        [_thread_blocked, id=13472, stack(0x0000008a76300000,0x0000008a76400000) (1024K)]
  0x00000244920d95c0 JavaThread "Cache worker for checksums cache (C:\Users\DELL\AndroidStudioProjects\attendance\.gradle\9.2.1\checksums)"        [_thread_blocked, id=10376, stack(0x0000008a76700000,0x0000008a76800000) (1024K)]
  0x00000244920d4070 JavaThread "Cache worker for cache directory md-supplier (C:\Users\DELL\.gradle\caches\9.2.1\md-supplier)"        [_thread_blocked, id=12548, stack(0x0000008a76800000,0x0000008a76900000) (1024K)]
  0x00000244920d39e0 JavaThread "Cache worker for cache directory md-rule (C:\Users\DELL\.gradle\caches\9.2.1\md-rule)"        [_thread_blocked, id=13952, stack(0x0000008a76a00000,0x0000008a76b00000) (1024K)]
  0x00000244920db000 JavaThread "Unconstrained build operations"        [_thread_blocked, id=11004, stack(0x0000008a76b00000,0x0000008a76c00000) (1024K)]
  0x00000244920d4700 JavaThread "Unconstrained build operations Thread 2"        [_thread_blocked, id=13828, stack(0x0000008a76d00000,0x0000008a76e00000) (1024K)]
  0x00000244920d4d90 JavaThread "Unconstrained build operations Thread 3"        [_thread_blocked, id=13892, stack(0x0000008a76e00000,0x0000008a76f00000) (1024K)]
  0x000002448ce9adf0 JavaThread "Unconstrained build operations Thread 4"        [_thread_blocked, id=13480, stack(0x0000008a76f00000,0x0000008a77000000) (1024K)]
  0x000002448ce9e270 JavaThread "Unconstrained build operations Thread 5"        [_thread_blocked, id=7840, stack(0x0000008a77000000,0x0000008a77100000) (1024K)]
  0x000002448ce9c1a0 JavaThread "Unconstrained build operations Thread 6"        [_thread_blocked, id=6256, stack(0x0000008a77100000,0x0000008a77200000) (1024K)]
  0x000002448ce9dbe0 JavaThread "Unconstrained build operations Thread 7"        [_thread_blocked, id=13968, stack(0x0000008a77200000,0x0000008a77300000) (1024K)]
  0x000002448ce9c830 JavaThread "Unconstrained build operations Thread 8"        [_thread_blocked, id=1924, stack(0x0000008a77300000,0x0000008a77400000) (1024K)]
Total: 49

Other Threads:
  0x00000244fe549b20 VMThread "VM Thread"                           [id=13128, stack(0x0000008a74400000,0x0000008a74500000) (1024K)]
  0x00000244fe4eff30 WatcherThread "VM Periodic Task Thread"        [id=5704, stack(0x0000008a74300000,0x0000008a74400000) (1024K)]
  0x00000244eb7491a0 WorkerThread "GC Thread#0"                     [id=11328, stack(0x0000008a73e00000,0x0000008a73f00000) (1024K)]
  0x00000244fed70670 WorkerThread "GC Thread#1"                     [id=7200, stack(0x0000008a75000000,0x0000008a75100000) (1024K)]
  0x00000244fed70a10 WorkerThread "GC Thread#2"                     [id=8044, stack(0x0000008a75100000,0x0000008a75200000) (1024K)]
  0x00000244fec405e0 WorkerThread "GC Thread#3"                     [id=12608, stack(0x0000008a74f00000,0x0000008a75000000) (1024K)]
  0x00000244eb75b190 ConcurrentGCThread "G1 Main Marker"            [id=12800, stack(0x0000008a73f00000,0x0000008a74000000) (1024K)]
  0x00000244eb75bc90 WorkerThread "G1 Conc#0"                       [id=10304, stack(0x0000008a74000000,0x0000008a74100000) (1024K)]
  0x00000244eb7be820 ConcurrentGCThread "G1 Refine#0"               [id=12756, stack(0x0000008a74100000,0x0000008a74200000) (1024K)]
  0x00000244fe3b88e0 ConcurrentGCThread "G1 Service"                [id=11820, stack(0x0000008a74200000,0x0000008a74300000) (1024K)]
Total: 10

Threads with active compile tasks:
C2 CompilerThread0  424897 17720   !   4       org.gradle.internal.service.DefaultServiceRegistry$FactoryService::bind (297 bytes)
Total: 1

VM state: not at safepoint (normal execution)

VM Mutex/Monitor currently owned by a thread: None

Heap address: 0x0000000080000000, size: 2048 MB, Compressed Oops mode: 32-bit

CDS archive(s) not mapped
Compressed class space mapped at: 0x0000000100000000-0x0000000140000000, reserved size: 1073741824
Narrow klass base: 0x0000000000000000, Narrow klass shift: 3, Narrow klass range: 0x140000000

GC Precious Log:
 CardTable entry size: 512
 Card Set container configuration: InlinePtr #cards 5 size 8 Array Of Cards #cards 12 size 40 Howl #buckets 4 coarsen threshold 1843 Howl Bitmap #cards 512 size 80 coarsen threshold 460 Card regions per heap region 1 cards per card region 2048
 CPUs: 4 total, 4 available
 Memory: 8076M
 Large Page Support: Disabled
 NUMA Support: Disabled
 Compressed Oops: Enabled (32-bit)
 Heap Region Size: 1M
 Heap Min Capacity: 8M
 Heap Initial Capacity: 128M
 Heap Max Capacity: 2G
 Pre-touch: Disabled
 Parallel Workers: 4
 Concurrent Workers: 1
 Concurrent Refinement Workers: 4
 Periodic GC: Disabled

Heap:
 garbage-first heap   total 217088K, used 174809K [0x0000000080000000, 0x0000000100000000)
  region size 1024K, 46 young (47104K), 9 survivors (9216K)
 Metaspace       used 138209K, committed 140736K, reserved 1179648K
  class space    used 18882K, committed 20096K, reserved 1048576K

Heap Regions: E=young(eden), S=young(survivor), O=old, HS=humongous(starts), HC=humongous(continues), CS=collection set, F=free, TAMS=top-at-mark-start, PB=parsable bottom
|   0|0x0000000080000000, 0x0000000080100000, 0x0000000080100000|100%|HS|  |TAMS 0x0000000080000000| PB 0x0000000080000000| Complete 
|   1|0x0000000080100000, 0x0000000080200000, 0x0000000080200000|100%|HC|  |TAMS 0x0000000080100000| PB 0x0000000080100000| Complete 
|   2|0x0000000080200000, 0x0000000080300000, 0x0000000080300000|100%|HC|  |TAMS 0x0000000080200000| PB 0x0000000080200000| Complete 
|   3|0x0000000080300000, 0x0000000080400000, 0x0000000080400000|100%|HC|  |TAMS 0x0000000080300000| PB 0x0000000080300000| Complete 
|   4|0x0000000080400000, 0x0000000080500000, 0x0000000080500000|100%|HS|  |TAMS 0x0000000080400000| PB 0x0000000080400000| Complete 
|   5|0x0000000080500000, 0x0000000080600000, 0x0000000080600000|100%| O|  |TAMS 0x0000000080500000| PB 0x0000000080500000| Untracked 
|   6|0x0000000080600000, 0x0000000080700000, 0x0000000080700000|100%| O|  |TAMS 0x0000000080600000| PB 0x0000000080600000| Untracked 
|   7|0x0000000080700000, 0x0000000080800000, 0x0000000080800000|100%| O|  |TAMS 0x0000000080700000| PB 0x0000000080700000| Untracked 
|   8|0x0000000080800000, 0x0000000080900000, 0x0000000080900000|100%| O|  |TAMS 0x0000000080800000| PB 0x0000000080800000| Untracked 
|   9|0x0000000080900000, 0x0000000080a00000, 0x0000000080a00000|100%| O|  |TAMS 0x0000000080900000| PB 0x0000000080900000| Untracked 
|  10|0x0000000080a00000, 0x0000000080b00000, 0x0000000080b00000|100%| O|  |TAMS 0x0000000080a00000| PB 0x0000000080a00000| Untracked 
|  11|0x0000000080b00000, 0x0000000080c00000, 0x0000000080c00000|100%| O|  |TAMS 0x0000000080b00000| PB 0x0000000080b00000| Untracked 
|  12|0x0000000080c00000, 0x0000000080d00000, 0x0000000080d00000|100%| O|  |TAMS 0x0000000080c00000| PB 0x0000000080c00000| Untracked 
|  13|0x0000000080d00000, 0x0000000080e00000, 0x0000000080e00000|100%|HS|  |TAMS 0x0000000080d00000| PB 0x0000000080d00000| Complete 
|  14|0x0000000080e00000, 0x0000000080f00000, 0x0000000080f00000|100%| O|  |TAMS 0x0000000080e00000| PB 0x0000000080e00000| Untracked 
|  15|0x0000000080f00000, 0x0000000081000000, 0x0000000081000000|100%| O|  |TAMS 0x0000000080f00000| PB 0x0000000080f00000| Untracked 
|  16|0x0000000081000000, 0x0000000081100000, 0x0000000081100000|100%| O|  |TAMS 0x0000000081000000| PB 0x0000000081000000| Untracked 
|  17|0x0000000081100000, 0x0000000081200000, 0x0000000081200000|100%| O|  |TAMS 0x0000000081100000| PB 0x0000000081100000| Untracked 
|  18|0x0000000081200000, 0x0000000081300000, 0x0000000081300000|100%| O|  |TAMS 0x0000000081200000| PB 0x0000000081200000| Untracked 
|  19|0x0000000081300000, 0x0000000081400000, 0x0000000081400000|100%| O|  |TAMS 0x0000000081300000| PB 0x0000000081300000| Untracked 
|  20|0x0000000081400000, 0x0000000081500000, 0x0000000081500000|100%| O|  |TAMS 0x0000000081400000| PB 0x0000000081400000| Untracked 
|  21|0x0000000081500000, 0x0000000081600000, 0x0000000081600000|100%| O|  |TAMS 0x0000000081500000| PB 0x0000000081500000| Untracked 
|  22|0x0000000081600000, 0x0000000081700000, 0x0000000081700000|100%| O|  |TAMS 0x0000000081600000| PB 0x0000000081600000| Untracked 
|  23|0x0000000081700000, 0x0000000081800000, 0x0000000081800000|100%| O|  |TAMS 0x0000000081700000| PB 0x0000000081700000| Untracked 
|  24|0x0000000081800000, 0x0000000081900000, 0x0000000081900000|100%| O|  |TAMS 0x0000000081800000| PB 0x0000000081800000| Untracked 
|  25|0x0000000081900000, 0x0000000081a00000, 0x0000000081a00000|100%| O|  |TAMS 0x0000000081900000| PB 0x0000000081900000| Untracked 
|  26|0x0000000081a00000, 0x0000000081b00000, 0x0000000081b00000|100%| O|  |TAMS 0x0000000081a00000| PB 0x0000000081a00000| Untracked 
|  27|0x0000000081b00000, 0x0000000081c00000, 0x0000000081c00000|100%| O|  |TAMS 0x0000000081b00000| PB 0x0000000081b00000| Untracked 
|  28|0x0000000081c00000, 0x0000000081d00000, 0x0000000081d00000|100%| O|  |TAMS 0x0000000081c00000| PB 0x0000000081c00000| Untracked 
|  29|0x0000000081d00000, 0x0000000081e00000, 0x0000000081e00000|100%| O|  |TAMS 0x0000000081d00000| PB 0x0000000081d00000| Untracked 
|  30|0x0000000081e00000, 0x0000000081f00000, 0x0000000081f00000|100%| O|  |TAMS 0x0000000081e00000| PB 0x0000000081e00000| Untracked 
|  31|0x0000000081f00000, 0x0000000082000000, 0x0000000082000000|100%| O|  |TAMS 0x0000000081f00000| PB 0x0000000081f00000| Untracked 
|  32|0x0000000082000000, 0x0000000082100000, 0x0000000082100000|100%| O|  |TAMS 0x0000000082000000| PB 0x0000000082000000| Untracked 
|  33|0x0000000082100000, 0x0000000082200000, 0x0000000082200000|100%| O|  |TAMS 0x0000000082100000| PB 0x0000000082100000| Untracked 
|  34|0x0000000082200000, 0x0000000082300000, 0x0000000082300000|100%| O|  |TAMS 0x0000000082200000| PB 0x0000000082200000| Untracked 
|  35|0x0000000082300000, 0x0000000082400000, 0x0000000082400000|100%| O|  |TAMS 0x0000000082300000| PB 0x0000000082300000| Untracked 
|  36|0x0000000082400000, 0x0000000082500000, 0x0000000082500000|100%| O|  |TAMS 0x0000000082400000| PB 0x0000000082400000| Untracked 
|  37|0x0000000082500000, 0x0000000082600000, 0x0000000082600000|100%| O|  |TAMS 0x0000000082500000| PB 0x0000000082500000| Untracked 
|  38|0x0000000082600000, 0x0000000082700000, 0x0000000082700000|100%|HS|  |TAMS 0x0000000082600000| PB 0x0000000082600000| Complete 
|  39|0x0000000082700000, 0x0000000082800000, 0x0000000082800000|100%| O|  |TAMS 0x0000000082700000| PB 0x0000000082700000| Untracked 
|  40|0x0000000082800000, 0x0000000082900000, 0x0000000082900000|100%| O|  |TAMS 0x0000000082800000| PB 0x0000000082800000| Untracked 
|  41|0x0000000082900000, 0x0000000082a00000, 0x0000000082a00000|100%| O|  |TAMS 0x0000000082900000| PB 0x0000000082900000| Untracked 
|  42|0x0000000082a00000, 0x0000000082b00000, 0x0000000082b00000|100%|HS|  |TAMS 0x0000000082a00000| PB 0x0000000082a00000| Complete 
|  43|0x0000000082b00000, 0x0000000082c00000, 0x0000000082c00000|100%|HS|  |TAMS 0x0000000082b00000| PB 0x0000000082b00000| Complete 
|  44|0x0000000082c00000, 0x0000000082d00000, 0x0000000082d00000|100%|HC|  |TAMS 0x0000000082c00000| PB 0x0000000082c00000| Complete 
|  45|0x0000000082d00000, 0x0000000082e00000, 0x0000000082e00000|100%|HS|  |TAMS 0x0000000082d00000| PB 0x0000000082d00000| Complete 
|  46|0x0000000082e00000, 0x0000000082f00000, 0x0000000082f00000|100%|HS|  |TAMS 0x0000000082e00000| PB 0x0000000082e00000| Complete 
|  47|0x0000000082f00000, 0x0000000083000000, 0x0000000083000000|100%|HS|  |TAMS 0x0000000082f00000| PB 0x0000000082f00000| Complete 
|  48|0x0000000083000000, 0x0000000083100000, 0x0000000083100000|100%| O|  |TAMS 0x0000000083000000| PB 0x0000000083000000| Untracked 
|  49|0x0000000083100000, 0x0000000083200000, 0x0000000083200000|100%| O|  |TAMS 0x0000000083100000| PB 0x0000000083100000| Untracked 
|  50|0x0000000083200000, 0x0000000083300000, 0x0000000083300000|100%| O|  |TAMS 0x0000000083200000| PB 0x0000000083200000| Untracked 
|  51|0x0000000083300000, 0x0000000083400000, 0x0000000083400000|100%| O|  |TAMS 0x0000000083300000| PB 0x0000000083300000| Untracked 
|  52|0x0000000083400000, 0x0000000083500000, 0x0000000083500000|100%|HS|  |TAMS 0x0000000083400000| PB 0x0000000083400000| Complete 
|  53|0x0000000083500000, 0x0000000083600000, 0x0000000083600000|100%|HC|  |TAMS 0x0000000083500000| PB 0x0000000083500000| Complete 
|  54|0x0000000083600000, 0x0000000083700000, 0x0000000083700000|100%| O|  |TAMS 0x0000000083600000| PB 0x0000000083600000| Untracked 
|  55|0x0000000083700000, 0x0000000083800000, 0x0000000083800000|100%| O|  |TAMS 0x0000000083700000| PB 0x0000000083700000| Untracked 
|  56|0x0000000083800000, 0x0000000083900000, 0x0000000083900000|100%| O|  |TAMS 0x0000000083800000| PB 0x0000000083800000| Untracked 
|  57|0x0000000083900000, 0x0000000083a00000, 0x0000000083a00000|100%| O|  |TAMS 0x0000000083900000| PB 0x0000000083900000| Untracked 
|  58|0x0000000083a00000, 0x0000000083b00000, 0x0000000083b00000|100%| O|Cm|TAMS 0x0000000083a00000| PB 0x0000000083a00000| Complete 
|  59|0x0000000083b00000, 0x0000000083c00000, 0x0000000083c00000|100%| O|  |TAMS 0x0000000083b00000| PB 0x0000000083b00000| Untracked 
|  60|0x0000000083c00000, 0x0000000083d00000, 0x0000000083d00000|100%| O|  |TAMS 0x0000000083c00000| PB 0x0000000083c00000| Untracked 
|  61|0x0000000083d00000, 0x0000000083e00000, 0x0000000083e00000|100%|HS|  |TAMS 0x0000000083d00000| PB 0x0000000083d00000| Complete 
|  62|0x0000000083e00000, 0x0000000083f00000, 0x0000000083f00000|100%| O|  |TAMS 0x0000000083e00000| PB 0x0000000083e00000| Untracked 
|  63|0x0000000083f00000, 0x0000000084000000, 0x0000000084000000|100%| O|  |TAMS 0x0000000083f00000| PB 0x0000000083f00000| Untracked 
|  64|0x0000000084000000, 0x0000000084100000, 0x0000000084100000|100%| O|  |TAMS 0x0000000084000000| PB 0x0000000084000000| Untracked 
|  65|0x0000000084100000, 0x0000000084200000, 0x0000000084200000|100%| O|  |TAMS 0x0000000084100000| PB 0x0000000084100000| Untracked 
|  66|0x0000000084200000, 0x0000000084300000, 0x0000000084300000|100%| O|  |TAMS 0x0000000084200000| PB 0x0000000084200000| Untracked 
|  67|0x0000000084300000, 0x0000000084400000, 0x0000000084400000|100%| O|  |TAMS 0x0000000084300000| PB 0x0000000084300000| Untracked 
|  68|0x0000000084400000, 0x0000000084500000, 0x0000000084500000|100%| O|  |TAMS 0x0000000084400000| PB 0x0000000084400000| Untracked 
|  69|0x0000000084500000, 0x0000000084600000, 0x0000000084600000|100%| O|  |TAMS 0x0000000084500000| PB 0x0000000084500000| Untracked 
|  70|0x0000000084600000, 0x0000000084700000, 0x0000000084700000|100%| O|Cm|TAMS 0x0000000084600000| PB 0x0000000084600000| Complete 
|  71|0x0000000084700000, 0x0000000084800000, 0x0000000084800000|100%| O|  |TAMS 0x0000000084700000| PB 0x0000000084700000| Untracked 
|  72|0x0000000084800000, 0x0000000084900000, 0x0000000084900000|100%|HS|  |TAMS 0x0000000084800000| PB 0x0000000084800000| Complete 
|  73|0x0000000084900000, 0x0000000084a00000, 0x0000000084a00000|100%| O|  |TAMS 0x0000000084900000| PB 0x0000000084900000| Untracked 
|  74|0x0000000084a00000, 0x0000000084b00000, 0x0000000084b00000|100%| O|  |TAMS 0x0000000084a00000| PB 0x0000000084a00000| Untracked 
|  75|0x0000000084b00000, 0x0000000084bb6490, 0x0000000084c00000| 71%| O|  |TAMS 0x0000000084b00000| PB 0x0000000084b00000| Untracked 
|  76|0x0000000084c00000, 0x0000000084c00000, 0x0000000084d00000|  0%| F|  |TAMS 0x0000000084c00000| PB 0x0000000084c00000| Untracked 
|  77|0x0000000084d00000, 0x0000000084d00000, 0x0000000084e00000|  0%| F|  |TAMS 0x0000000084d00000| PB 0x0000000084d00000| Untracked 
|  78|0x0000000084e00000, 0x0000000084f00000, 0x0000000084f00000|100%| O|  |TAMS 0x0000000084e00000| PB 0x0000000084e00000| Untracked 
|  79|0x0000000084f00000, 0x0000000085000000, 0x0000000085000000|100%| O|  |TAMS 0x0000000084f00000| PB 0x0000000084f00000| Untracked 
|  80|0x0000000085000000, 0x0000000085000000, 0x0000000085100000|  0%| F|  |TAMS 0x0000000085000000| PB 0x0000000085000000| Untracked 
|  81|0x0000000085100000, 0x0000000085100000, 0x0000000085200000|  0%| F|  |TAMS 0x0000000085100000| PB 0x0000000085100000| Untracked 
|  82|0x0000000085200000, 0x0000000085200000, 0x0000000085300000|  0%| F|  |TAMS 0x0000000085200000| PB 0x0000000085200000| Untracked 
|  83|0x0000000085300000, 0x0000000085300000, 0x0000000085400000|  0%| F|  |TAMS 0x0000000085300000| PB 0x0000000085300000| Untracked 
|  84|0x0000000085400000, 0x0000000085500000, 0x0000000085500000|100%| O|  |TAMS 0x0000000085400000| PB 0x0000000085400000| Untracked 
|  85|0x0000000085500000, 0x0000000085500000, 0x0000000085600000|  0%| F|  |TAMS 0x0000000085500000| PB 0x0000000085500000| Untracked 
|  86|0x0000000085600000, 0x0000000085600000, 0x0000000085700000|  0%| F|  |TAMS 0x0000000085600000| PB 0x0000000085600000| Untracked 
|  87|0x0000000085700000, 0x0000000085800000, 0x0000000085800000|100%| O|  |TAMS 0x0000000085700000| PB 0x0000000085700000| Untracked 
|  88|0x0000000085800000, 0x0000000085800000, 0x0000000085900000|  0%| F|  |TAMS 0x0000000085800000| PB 0x0000000085800000| Untracked 
|  89|0x0000000085900000, 0x0000000085a00000, 0x0000000085a00000|100%| O|  |TAMS 0x0000000085900000| PB 0x0000000085900000| Untracked 
|  90|0x0000000085a00000, 0x0000000085b00000, 0x0000000085b00000|100%|HS|  |TAMS 0x0000000085a00000| PB 0x0000000085a00000| Complete 
|  91|0x0000000085b00000, 0x0000000085c00000, 0x0000000085c00000|100%|HC|  |TAMS 0x0000000085b00000| PB 0x0000000085b00000| Complete 
|  92|0x0000000085c00000, 0x0000000085d00000, 0x0000000085d00000|100%| O|  |TAMS 0x0000000085c00000| PB 0x0000000085c00000| Untracked 
|  93|0x0000000085d00000, 0x0000000085d00000, 0x0000000085e00000|  0%| F|  |TAMS 0x0000000085d00000| PB 0x0000000085d00000| Untracked 
|  94|0x0000000085e00000, 0x0000000085f00000, 0x0000000085f00000|100%| O|Cm|TAMS 0x0000000085e00000| PB 0x0000000085e00000| Complete 
|  95|0x0000000085f00000, 0x0000000086000000, 0x0000000086000000|100%| O|  |TAMS 0x0000000085f00000| PB 0x0000000085f00000| Untracked 
|  96|0x0000000086000000, 0x0000000086100000, 0x0000000086100000|100%| O|  |TAMS 0x0000000086000000| PB 0x0000000086000000| Untracked 
|  97|0x0000000086100000, 0x0000000086200000, 0x0000000086200000|100%| O|  |TAMS 0x0000000086100000| PB 0x0000000086100000| Untracked 
|  98|0x0000000086200000, 0x0000000086300000, 0x0000000086300000|100%| O|  |TAMS 0x0000000086200000| PB 0x0000000086200000| Untracked 
|  99|0x0000000086300000, 0x0000000086400000, 0x0000000086400000|100%| O|  |TAMS 0x0000000086300000| PB 0x0000000086300000| Untracked 
| 100|0x0000000086400000, 0x0000000086500000, 0x0000000086500000|100%| O|  |TAMS 0x0000000086400000| PB 0x0000000086400000| Untracked 
| 101|0x0000000086500000, 0x0000000086600000, 0x0000000086600000|100%| O|  |TAMS 0x0000000086500000| PB 0x0000000086500000| Untracked 
| 102|0x0000000086600000, 0x0000000086600000, 0x0000000086700000|  0%| F|  |TAMS 0x0000000086600000| PB 0x0000000086600000| Untracked 
| 103|0x0000000086700000, 0x0000000086800000, 0x0000000086800000|100%| O|Cm|TAMS 0x0000000086700000| PB 0x0000000086700000| Complete 
| 104|0x0000000086800000, 0x0000000086900000, 0x0000000086900000|100%| O|Cm|TAMS 0x0000000086800000| PB 0x0000000086800000| Complete 
| 105|0x0000000086900000, 0x0000000086a00000, 0x0000000086a00000|100%| O|  |TAMS 0x0000000086900000| PB 0x0000000086900000| Untracked 
| 106|0x0000000086a00000, 0x0000000086b00000, 0x0000000086b00000|100%| O|  |TAMS 0x0000000086a00000| PB 0x0000000086a00000| Untracked 
| 107|0x0000000086b00000, 0x0000000086c00000, 0x0000000086c00000|100%| O|  |TAMS 0x0000000086b00000| PB 0x0000000086b00000| Untracked 
| 108|0x0000000086c00000, 0x0000000086d00000, 0x0000000086d00000|100%| O|  |TAMS 0x0000000086c00000| PB 0x0000000086c00000| Untracked 
| 109|0x0000000086d00000, 0x0000000086e00000, 0x0000000086e00000|100%| O|  |TAMS 0x0000000086d00000| PB 0x0000000086d00000| Untracked 
| 110|0x0000000086e00000, 0x0000000086f00000, 0x0000000086f00000|100%| O|  |TAMS 0x0000000086e00000| PB 0x0000000086e00000| Untracked 
| 111|0x0000000086f00000, 0x0000000087000000, 0x0000000087000000|100%| O|  |TAMS 0x0000000086f00000| PB 0x0000000086f00000| Untracked 
| 112|0x0000000087000000, 0x0000000087100000, 0x0000000087100000|100%| O|  |TAMS 0x0000000087000000| PB 0x0000000087000000| Untracked 
| 113|0x0000000087100000, 0x0000000087200000, 0x0000000087200000|100%| O|  |TAMS 0x0000000087100000| PB 0x0000000087100000| Untracked 
| 114|0x0000000087200000, 0x0000000087300000, 0x0000000087300000|100%| O|  |TAMS 0x0000000087200000| PB 0x0000000087200000| Untracked 
| 115|0x0000000087300000, 0x0000000087400000, 0x0000000087400000|100%| O|  |TAMS 0x0000000087300000| PB 0x0000000087300000| Untracked 
| 116|0x0000000087400000, 0x0000000087500000, 0x0000000087500000|100%| O|  |TAMS 0x0000000087400000| PB 0x0000000087400000| Untracked 
| 117|0x0000000087500000, 0x0000000087600000, 0x0000000087600000|100%| O|  |TAMS 0x0000000087500000| PB 0x0000000087500000| Untracked 
| 118|0x0000000087600000, 0x0000000087700000, 0x0000000087700000|100%| O|  |TAMS 0x0000000087600000| PB 0x0000000087600000| Untracked 
| 119|0x0000000087700000, 0x0000000087700000, 0x0000000087800000|  0%| F|  |TAMS 0x0000000087700000| PB 0x0000000087700000| Untracked 
| 120|0x0000000087800000, 0x0000000087900000, 0x0000000087900000|100%| S|CS|TAMS 0x0000000087800000| PB 0x0000000087800000| Complete 
| 121|0x0000000087900000, 0x0000000087a00000, 0x0000000087a00000|100%| S|CS|TAMS 0x0000000087900000| PB 0x0000000087900000| Complete 
| 122|0x0000000087a00000, 0x0000000087b00000, 0x0000000087b00000|100%| S|CS|TAMS 0x0000000087a00000| PB 0x0000000087a00000| Complete 
| 123|0x0000000087b00000, 0x0000000087b00000, 0x0000000087c00000|  0%| F|  |TAMS 0x0000000087b00000| PB 0x0000000087b00000| Untracked 
| 124|0x0000000087c00000, 0x0000000087d00000, 0x0000000087d00000|100%| S|CS|TAMS 0x0000000087c00000| PB 0x0000000087c00000| Complete 
| 125|0x0000000087d00000, 0x0000000087e00000, 0x0000000087e00000|100%| S|CS|TAMS 0x0000000087d00000| PB 0x0000000087d00000| Complete 
| 126|0x0000000087e00000, 0x0000000087f00000, 0x0000000087f00000|100%| S|CS|TAMS 0x0000000087e00000| PB 0x0000000087e00000| Complete 
| 127|0x0000000087f00000, 0x0000000087f00000, 0x0000000088000000|  0%| F|  |TAMS 0x0000000087f00000| PB 0x0000000087f00000| Untracked 
| 128|0x0000000088000000, 0x0000000088000000, 0x0000000088100000|  0%| F|  |TAMS 0x0000000088000000| PB 0x0000000088000000| Untracked 
| 129|0x0000000088100000, 0x0000000088100000, 0x0000000088200000|  0%| F|  |TAMS 0x0000000088100000| PB 0x0000000088100000| Untracked 
| 130|0x0000000088200000, 0x0000000088200000, 0x0000000088300000|  0%| F|  |TAMS 0x0000000088200000| PB 0x0000000088200000| Untracked 
| 131|0x0000000088300000, 0x0000000088300000, 0x0000000088400000|  0%| F|  |TAMS 0x0000000088300000| PB 0x0000000088300000| Untracked 
| 132|0x0000000088400000, 0x0000000088400000, 0x0000000088500000|  0%| F|  |TAMS 0x0000000088400000| PB 0x0000000088400000| Untracked 
| 133|0x0000000088500000, 0x0000000088500000, 0x0000000088600000|  0%| F|  |TAMS 0x0000000088500000| PB 0x0000000088500000| Untracked 
| 134|0x0000000088600000, 0x0000000088700000, 0x0000000088700000|100%| S|CS|TAMS 0x0000000088600000| PB 0x0000000088600000| Complete 
| 135|0x0000000088700000, 0x0000000088800000, 0x0000000088800000|100%| S|CS|TAMS 0x0000000088700000| PB 0x0000000088700000| Complete 
| 136|0x0000000088800000, 0x0000000088900000, 0x0000000088900000|100%| S|CS|TAMS 0x0000000088800000| PB 0x0000000088800000| Complete 
| 137|0x0000000088900000, 0x0000000088900000, 0x0000000088a00000|  0%| F|  |TAMS 0x0000000088900000| PB 0x0000000088900000| Untracked 
| 138|0x0000000088a00000, 0x0000000088a00000, 0x0000000088b00000|  0%| F|  |TAMS 0x0000000088a00000| PB 0x0000000088a00000| Untracked 
| 139|0x0000000088b00000, 0x0000000088b00000, 0x0000000088c00000|  0%| F|  |TAMS 0x0000000088b00000| PB 0x0000000088b00000| Untracked 
| 140|0x0000000088c00000, 0x0000000088c00000, 0x0000000088d00000|  0%| F|  |TAMS 0x0000000088c00000| PB 0x0000000088c00000| Untracked 
| 141|0x0000000088d00000, 0x0000000088d00000, 0x0000000088e00000|  0%| F|  |TAMS 0x0000000088d00000| PB 0x0000000088d00000| Untracked 
| 142|0x0000000088e00000, 0x0000000088e00000, 0x0000000088f00000|  0%| F|  |TAMS 0x0000000088e00000| PB 0x0000000088e00000| Untracked 
| 143|0x0000000088f00000, 0x0000000088f00000, 0x0000000089000000|  0%| F|  |TAMS 0x0000000088f00000| PB 0x0000000088f00000| Untracked 
| 144|0x0000000089000000, 0x0000000089000000, 0x0000000089100000|  0%| F|  |TAMS 0x0000000089000000| PB 0x0000000089000000| Untracked 
| 145|0x0000000089100000, 0x0000000089100000, 0x0000000089200000|  0%| F|  |TAMS 0x0000000089100000| PB 0x0000000089100000| Untracked 
| 146|0x0000000089200000, 0x0000000089200000, 0x0000000089300000|  0%| F|  |TAMS 0x0000000089200000| PB 0x0000000089200000| Untracked 
| 147|0x0000000089300000, 0x0000000089300000, 0x0000000089400000|  0%| F|  |TAMS 0x0000000089300000| PB 0x0000000089300000| Untracked 
| 148|0x0000000089400000, 0x0000000089400000, 0x0000000089500000|  0%| F|  |TAMS 0x0000000089400000| PB 0x0000000089400000| Untracked 
| 149|0x0000000089500000, 0x0000000089500000, 0x0000000089600000|  0%| F|  |TAMS 0x0000000089500000| PB 0x0000000089500000| Untracked 
| 150|0x0000000089600000, 0x0000000089600000, 0x0000000089700000|  0%| F|  |TAMS 0x0000000089600000| PB 0x0000000089600000| Untracked 
| 151|0x0000000089700000, 0x0000000089700000, 0x0000000089800000|  0%| F|  |TAMS 0x0000000089700000| PB 0x0000000089700000| Untracked 
| 152|0x0000000089800000, 0x0000000089800000, 0x0000000089900000|  0%| F|  |TAMS 0x0000000089800000| PB 0x0000000089800000| Untracked 
| 153|0x0000000089900000, 0x0000000089900000, 0x0000000089a00000|  0%| F|  |TAMS 0x0000000089900000| PB 0x0000000089900000| Untracked 
| 154|0x0000000089a00000, 0x0000000089a00000, 0x0000000089b00000|  0%| F|  |TAMS 0x0000000089a00000| PB 0x0000000089a00000| Untracked 
| 155|0x0000000089b00000, 0x0000000089b00000, 0x0000000089c00000|  0%| F|  |TAMS 0x0000000089b00000| PB 0x0000000089b00000| Untracked 
| 156|0x0000000089c00000, 0x0000000089c00000, 0x0000000089d00000|  0%| F|  |TAMS 0x0000000089c00000| PB 0x0000000089c00000| Untracked 
| 157|0x0000000089d00000, 0x0000000089d80000, 0x0000000089e00000| 50%| E|  |TAMS 0x0000000089d00000| PB 0x0000000089d00000| Complete 
| 158|0x0000000089e00000, 0x0000000089f00000, 0x0000000089f00000|100%| E|CS|TAMS 0x0000000089e00000| PB 0x0000000089e00000| Complete 
| 159|0x0000000089f00000, 0x000000008a000000, 0x000000008a000000|100%| E|CS|TAMS 0x0000000089f00000| PB 0x0000000089f00000| Complete 
| 160|0x000000008a000000, 0x000000008a100000, 0x000000008a100000|100%| E|CS|TAMS 0x000000008a000000| PB 0x000000008a000000| Complete 
| 161|0x000000008a100000, 0x000000008a200000, 0x000000008a200000|100%| E|CS|TAMS 0x000000008a100000| PB 0x000000008a100000| Complete 
| 162|0x000000008a200000, 0x000000008a300000, 0x000000008a300000|100%| E|CS|TAMS 0x000000008a200000| PB 0x000000008a200000| Complete 
| 163|0x000000008a300000, 0x000000008a400000, 0x000000008a400000|100%| E|CS|TAMS 0x000000008a300000| PB 0x000000008a300000| Complete 
| 164|0x000000008a400000, 0x000000008a500000, 0x000000008a500000|100%| E|CS|TAMS 0x000000008a400000| PB 0x000000008a400000| Complete 
| 165|0x000000008a500000, 0x000000008a600000, 0x000000008a600000|100%| E|CS|TAMS 0x000000008a500000| PB 0x000000008a500000| Complete 
| 166|0x000000008a600000, 0x000000008a700000, 0x000000008a700000|100%| E|CS|TAMS 0x000000008a600000| PB 0x000000008a600000| Complete 
| 167|0x000000008a700000, 0x000000008a800000, 0x000000008a800000|100%| E|CS|TAMS 0x000000008a700000| PB 0x000000008a700000| Complete 
| 168|0x000000008a800000, 0x000000008a900000, 0x000000008a900000|100%| E|CS|TAMS 0x000000008a800000| PB 0x000000008a800000| Complete 
| 169|0x000000008a900000, 0x000000008aa00000, 0x000000008aa00000|100%| E|CS|TAMS 0x000000008a900000| PB 0x000000008a900000| Complete 
| 170|0x000000008aa00000, 0x000000008ab00000, 0x000000008ab00000|100%| E|CS|TAMS 0x000000008aa00000| PB 0x000000008aa00000| Complete 
| 171|0x000000008ab00000, 0x000000008ac00000, 0x000000008ac00000|100%| E|CS|TAMS 0x000000008ab00000| PB 0x000000008ab00000| Complete 
| 172|0x000000008ac00000, 0x000000008ad00000, 0x000000008ad00000|100%| E|CS|TAMS 0x000000008ac00000| PB 0x000000008ac00000| Complete 
| 173|0x000000008ad00000, 0x000000008ae00000, 0x000000008ae00000|100%| E|CS|TAMS 0x000000008ad00000| PB 0x000000008ad00000| Complete 
| 174|0x000000008ae00000, 0x000000008af00000, 0x000000008af00000|100%| E|CS|TAMS 0x000000008ae00000| PB 0x000000008ae00000| Complete 
| 175|0x000000008af00000, 0x000000008b000000, 0x000000008b000000|100%| E|CS|TAMS 0x000000008af00000| PB 0x000000008af00000| Complete 
| 176|0x000000008b000000, 0x000000008b100000, 0x000000008b100000|100%| E|CS|TAMS 0x000000008b000000| PB 0x000000008b000000| Complete 
| 177|0x000000008b100000, 0x000000008b200000, 0x000000008b200000|100%| E|CS|TAMS 0x000000008b100000| PB 0x000000008b100000| Complete 
| 178|0x000000008b200000, 0x000000008b300000, 0x000000008b300000|100%| E|CS|TAMS 0x000000008b200000| PB 0x000000008b200000| Complete 
| 179|0x000000008b300000, 0x000000008b400000, 0x000000008b400000|100%| E|CS|TAMS 0x000000008b300000| PB 0x000000008b300000| Complete 
| 180|0x000000008b400000, 0x000000008b500000, 0x000000008b500000|100%| E|CS|TAMS 0x000000008b400000| PB 0x000000008b400000| Complete 
| 181|0x000000008b500000, 0x000000008b600000, 0x000000008b600000|100%| E|CS|TAMS 0x000000008b500000| PB 0x000000008b500000| Complete 
| 182|0x000000008b600000, 0x000000008b700000, 0x000000008b700000|100%| E|CS|TAMS 0x000000008b600000| PB 0x000000008b600000| Complete 
| 183|0x000000008b700000, 0x000000008b800000, 0x000000008b800000|100%| E|CS|TAMS 0x000000008b700000| PB 0x000000008b700000| Complete 
| 184|0x000000008b800000, 0x000000008b900000, 0x000000008b900000|100%| E|CS|TAMS 0x000000008b800000| PB 0x000000008b800000| Complete 
| 185|0x000000008b900000, 0x000000008ba00000, 0x000000008ba00000|100%| E|CS|TAMS 0x000000008b900000| PB 0x000000008b900000| Complete 
| 186|0x000000008ba00000, 0x000000008bb00000, 0x000000008bb00000|100%| E|CS|TAMS 0x000000008ba00000| PB 0x000000008ba00000| Complete 
| 187|0x000000008bb00000, 0x000000008bc00000, 0x000000008bc00000|100%| E|CS|TAMS 0x000000008bb00000| PB 0x000000008bb00000| Complete 
|2024|0x00000000fe800000, 0x00000000fe900000, 0x00000000fe900000|100%| O|  |TAMS 0x00000000fe800000| PB 0x00000000fe800000| Untracked 
|2025|0x00000000fe900000, 0x00000000fea00000, 0x00000000fea00000|100%| O|  |TAMS 0x00000000fe900000| PB 0x00000000fe900000| Untracked 
|2026|0x00000000fea00000, 0x00000000feb00000, 0x00000000feb00000|100%| O|  |TAMS 0x00000000fea00000| PB 0x00000000fea00000| Untracked 
|2027|0x00000000feb00000, 0x00000000fec00000, 0x00000000fec00000|100%| O|  |TAMS 0x00000000feb00000| PB 0x00000000feb00000| Untracked 
|2028|0x00000000fec00000, 0x00000000fed00000, 0x00000000fed00000|100%| O|  |TAMS 0x00000000fec00000| PB 0x00000000fec00000| Untracked 
|2029|0x00000000fed00000, 0x00000000fee00000, 0x00000000fee00000|100%| O|  |TAMS 0x00000000fed00000| PB 0x00000000fed00000| Untracked 
|2030|0x00000000fee00000, 0x00000000fef00000, 0x00000000fef00000|100%| O|  |TAMS 0x00000000fee00000| PB 0x00000000fee00000| Untracked 
|2031|0x00000000fef00000, 0x00000000ff000000, 0x00000000ff000000|100%| O|  |TAMS 0x00000000fef00000| PB 0x00000000fef00000| Untracked 
|2032|0x00000000ff000000, 0x00000000ff100000, 0x00000000ff100000|100%| E|CS|TAMS 0x00000000ff000000| PB 0x00000000ff000000| Complete 
|2033|0x00000000ff100000, 0x00000000ff200000, 0x00000000ff200000|100%| O|  |TAMS 0x00000000ff100000| PB 0x00000000ff100000| Untracked 
|2034|0x00000000ff200000, 0x00000000ff300000, 0x00000000ff300000|100%| O|  |TAMS 0x00000000ff200000| PB 0x00000000ff200000| Untracked 
|2035|0x00000000ff300000, 0x00000000ff400000, 0x00000000ff400000|100%| O|  |TAMS 0x00000000ff300000| PB 0x00000000ff300000| Untracked 
|2036|0x00000000ff400000, 0x00000000ff500000, 0x00000000ff500000|100%| E|CS|TAMS 0x00000000ff400000| PB 0x00000000ff400000| Complete 
|2037|0x00000000ff500000, 0x00000000ff600000, 0x00000000ff600000|100%| O|  |TAMS 0x00000000ff500000| PB 0x00000000ff500000| Untracked 
|2038|0x00000000ff600000, 0x00000000ff700000, 0x00000000ff700000|100%| E|CS|TAMS 0x00000000ff600000| PB 0x00000000ff600000| Complete 
|2039|0x00000000ff700000, 0x00000000ff800000, 0x00000000ff800000|100%| E|CS|TAMS 0x00000000ff700000| PB 0x00000000ff700000| Complete 
|2040|0x00000000ff800000, 0x00000000ff900000, 0x00000000ff900000|100%| E|CS|TAMS 0x00000000ff800000| PB 0x00000000ff800000| Complete 
|2041|0x00000000ff900000, 0x00000000ffa00000, 0x00000000ffa00000|100%| E|CS|TAMS 0x00000000ff900000| PB 0x00000000ff900000| Complete 
|2042|0x00000000ffa00000, 0x00000000ffb00000, 0x00000000ffb00000|100%| O|  |TAMS 0x00000000ffa00000| PB 0x00000000ffa00000| Untracked 
|2043|0x00000000ffb00000, 0x00000000ffc00000, 0x00000000ffc00000|100%| O|  |TAMS 0x00000000ffb00000| PB 0x00000000ffb00000| Untracked 
|2044|0x00000000ffc00000, 0x00000000ffd00000, 0x00000000ffd00000|100%| O|  |TAMS 0x00000000ffc00000| PB 0x00000000ffc00000| Untracked 
|2045|0x00000000ffd00000, 0x00000000ffe00000, 0x00000000ffe00000|100%| O|  |TAMS 0x00000000ffd00000| PB 0x00000000ffd00000| Untracked 
|2046|0x00000000ffe00000, 0x00000000fff00000, 0x00000000fff00000|100%| O|  |TAMS 0x00000000ffe00000| PB 0x00000000ffe00000| Untracked 
|2047|0x00000000fff00000, 0x0000000100000000, 0x0000000100000000|100%| O|  |TAMS 0x00000000fff00000| PB 0x00000000fff00000| Untracked 

Card table byte_map: [0x00000244fdc60000,0x00000244fe060000] _byte_map_base: 0x00000244fd860000

Marking Bits: (CMBitMap*) 0x00000244eb7498a0
 Bits: [0x0000024480000000, 0x0000024482000000)

Polling page: 0x00000244eaec0000

Metaspace:

Usage:
  Non-class:    116.53 MB used.
      Class:     18.44 MB used.
       Both:    134.97 MB used.

Virtual space:
  Non-class space:      128.00 MB reserved,     117.81 MB ( 92%) committed,  2 nodes.
      Class space:        1.00 GB reserved,      19.62 MB (  2%) committed,  1 nodes.
             Both:        1.12 GB reserved,     137.44 MB ( 12%) committed. 

Chunk freelists:
   Non-Class:  9.92 MB
       Class:  12.36 MB
        Both:  22.27 MB

MaxMetaspaceSize: unlimited
CompressedClassSpaceSize: 1.00 GB
Initial GC threshold: 21.00 MB
Current GC threshold: 224.69 MB
CDS: off
 - commit_granule_bytes: 65536.
 - commit_granule_words: 8192.
 - virtual_space_node_default_size: 8388608.
 - enlarge_chunks_in_place: 1.
 - use_allocation_guard: 0.


Internal statistics:

num_allocs_failed_limit: 12.
num_arena_births: 4720.
num_arena_deaths: 12.
num_vsnodes_births: 3.
num_vsnodes_deaths: 0.
num_space_committed: 2197.
num_space_uncommitted: 0.
num_chunks_returned_to_freelist: 27.
num_chunks_taken_from_freelist: 10709.
num_chunk_merges: 11.
num_chunk_splits: 7009.
num_chunks_enlarged: 4441.
num_inconsistent_stats: 0.

CodeHeap 'non-profiled nmethods': size=120000Kb used=10813Kb max_used=10813Kb free=109186Kb
 bounds [0x00000244f6330000, 0x00000244f6dc0000, 0x00000244fd860000]
CodeHeap 'profiled nmethods': size=120000Kb used=27469Kb max_used=27469Kb free=92530Kb
 bounds [0x00000244ee860000, 0x00000244f0340000, 0x00000244f5d90000]
CodeHeap 'non-nmethods': size=5760Kb used=2042Kb max_used=2139Kb free=3717Kb
 bounds [0x00000244f5d90000, 0x00000244f6000000, 0x00000244f6330000]
CodeCache: size=245760Kb, used=40324Kb, max_used=40421Kb, free=205433Kb
 total_blobs=15677, nmethods=14752, adapters=828, full_count=0
Compilation: enabled, stopped_count=0, restarted_count=0

Compilation events (20 events):
Event: 424.612 Thread 0x00000244fe715fb0 nmethod 17719 0x00000244f032ac10 code [0x00000244f032af20, 0x00000244f032bf10]
Event: 424.691 Thread 0x00000244fe72d7a0 17720   !   4       org.gradle.internal.service.DefaultServiceRegistry$FactoryService::bind (297 bytes)
Event: 424.708 Thread 0x00000244fe715fb0 17722       3       java.lang.invoke.LambdaForm$DMH/0x00000001001cdc00::invokeVirtual (20 bytes)
Event: 424.711 Thread 0x00000244fe715fb0 nmethod 17722 0x00000244f032c510 code [0x00000244f032c6e0, 0x00000244f032cbe0]
Event: 424.714 Thread 0x00000244fe715fb0 17723       3       org.gradle.api.internal.collections.ListElementSource::listIterator (16 bytes)
Event: 424.717 Thread 0x00000244fe715fb0 nmethod 17723 0x00000244f032cd10 code [0x00000244f032cec0, 0x00000244f032d1d0]
Event: 424.717 Thread 0x00000244fe715fb0 17724       3       org.gradle.api.internal.DefaultActionConfiguration::params (10 bytes)
Event: 424.717 Thread 0x00000244fe715fb0 nmethod 17724 0x00000244f032d310 code [0x00000244f032d4c0, 0x00000244f032d5f8]
Event: 424.723 Thread 0x00000244fe715fb0 17725       1       org.gradle.api.internal.initialization.DefaultScriptClassPathResolver$InstrumentationPhase::getValue (5 bytes)
Event: 424.723 Thread 0x00000244fe715fb0 nmethod 17725 0x00000244f6dbef90 code [0x00000244f6dbf120, 0x00000244f6dbf1e8]
Event: 424.735 Thread 0x00000244fe715fb0 17726       3       java.io.ObjectInputStream$BlockDataInputStream::readFully (42 bytes)
Event: 424.735 Thread 0x00000244fe715fb0 nmethod 17726 0x00000244f032d690 code [0x00000244f032d860, 0x00000244f032db78]
Event: 424.752 Thread 0x00000244fe715fb0 17727       3       org.gradle.internal.action.DefaultConfigurableRule::equals (63 bytes)
Event: 424.752 Thread 0x00000244fe715fb0 nmethod 17727 0x00000244f032dd10 code [0x00000244f032df00, 0x00000244f032e498]
Event: 424.752 Thread 0x00000244fe715fb0 17728       3       org.gradle.internal.snapshot.impl.IsolatedArray::equals (6 bytes)
Event: 424.752 Thread 0x00000244fe715fb0 nmethod 17728 0x00000244f032e610 code [0x00000244f032e7c0, 0x00000244f032e900]
Event: 424.752 Thread 0x00000244fe715fb0 17729       3       org.gradle.internal.snapshot.impl.AbstractArraySnapshot::equals (41 bytes)
Event: 424.753 Thread 0x00000244fe715fb0 nmethod 17729 0x00000244f032e990 code [0x00000244f032eb60, 0x00000244f032ef98]
Event: 424.753 Thread 0x00000244fe715fb0 17730       1       org.gradle.api.internal.artifacts.type.ArtifactTypeRegistry::getDefaultArtifactAttributes (5 bytes)
Event: 424.754 Thread 0x00000244fe715fb0 nmethod 17730 0x00000244f6dbf290 code [0x00000244f6dbf420, 0x00000244f6dbf4e8]

GC Heap History (20 events):
Event: 192.800 GC heap before
{Heap before GC invocations=54 (full 0):
 garbage-first heap   total 188416K, used 171100K [0x0000000080000000, 0x0000000100000000)
  region size 1024K, 60 young (61440K), 2 survivors (2048K)
 Metaspace       used 120501K, committed 122688K, reserved 1179648K
  class space    used 16419K, committed 17472K, reserved 1048576K
}
Event: 192.827 GC heap after
{Heap after GC invocations=55 (full 0):
 garbage-first heap   total 188416K, used 111401K [0x0000000080000000, 0x0000000100000000)
  region size 1024K, 2 young (2048K), 2 survivors (2048K)
 Metaspace       used 120501K, committed 122688K, reserved 1179648K
  class space    used 16419K, committed 17472K, reserved 1048576K
}
Event: 194.018 GC heap before
{Heap before GC invocations=55 (full 0):
 garbage-first heap   total 188416K, used 130857K [0x0000000080000000, 0x0000000100000000)
  region size 1024K, 23 young (23552K), 2 survivors (2048K)
 Metaspace       used 120691K, committed 122944K, reserved 1179648K
  class space    used 16452K, committed 17536K, reserved 1048576K
}
Event: 194.028 GC heap after
{Heap after GC invocations=56 (full 0):
 garbage-first heap   total 188416K, used 114323K [0x0000000080000000, 0x0000000100000000)
  region size 1024K, 5 young (5120K), 5 survivors (5120K)
 Metaspace       used 120691K, committed 122944K, reserved 1179648K
  class space    used 16452K, committed 17536K, reserved 1048576K
}
Event: 198.767 GC heap before
{Heap before GC invocations=57 (full 0):
 garbage-first heap   total 194560K, used 173715K [0x0000000080000000, 0x0000000100000000)
  region size 1024K, 61 young (62464K), 5 survivors (5120K)
 Metaspace       used 122996K, committed 125376K, reserved 1179648K
  class space    used 16782K, committed 17920K, reserved 1048576K
}
Event: 198.774 GC heap after
{Heap after GC invocations=58 (full 0):
 garbage-first heap   total 194560K, used 118334K [0x0000000080000000, 0x0000000100000000)
  region size 1024K, 6 young (6144K), 6 survivors (6144K)
 Metaspace       used 122996K, committed 125376K, reserved 1179648K
  class space    used 16782K, committed 17920K, reserved 1048576K
}
Event: 206.529 GC heap before
{Heap before GC invocations=58 (full 0):
 garbage-first heap   total 194560K, used 175678K [0x0000000080000000, 0x0000000100000000)
  region size 1024K, 63 young (64512K), 6 survivors (6144K)
 Metaspace       used 124554K, committed 126976K, reserved 1179648K
  class space    used 16985K, committed 18176K, reserved 1048576K
}
Event: 206.558 GC heap after
{Heap after GC invocations=59 (full 0):
 garbage-first heap   total 194560K, used 121416K [0x0000000080000000, 0x0000000100000000)
  region size 1024K, 8 young (8192K), 8 survivors (8192K)
 Metaspace       used 124554K, committed 126976K, reserved 1179648K
  class space    used 16985K, committed 18176K, reserved 1048576K
}
Event: 210.760 GC heap before
{Heap before GC invocations=59 (full 0):
 garbage-first heap   total 194560K, used 177736K [0x0000000080000000, 0x0000000100000000)
  region size 1024K, 63 young (64512K), 8 survivors (8192K)
 Metaspace       used 129359K, committed 131840K, reserved 1179648K
  class space    used 17671K, committed 18880K, reserved 1048576K
}
Event: 210.779 GC heap after
{Heap after GC invocations=60 (full 0):
 garbage-first heap   total 194560K, used 125820K [0x0000000080000000, 0x0000000100000000)
  region size 1024K, 4 young (4096K), 4 survivors (4096K)
 Metaspace       used 129359K, committed 131840K, reserved 1179648K
  class space    used 17671K, committed 18880K, reserved 1048576K
}
Event: 213.339 GC heap before
{Heap before GC invocations=61 (full 0):
 garbage-first heap   total 209920K, used 180092K [0x0000000080000000, 0x0000000100000000)
  region size 1024K, 57 young (58368K), 4 survivors (4096K)
 Metaspace       used 129854K, committed 132352K, reserved 1179648K
  class space    used 17731K, committed 18944K, reserved 1048576K
}
Event: 213.354 GC heap after
{Heap after GC invocations=62 (full 0):
 garbage-first heap   total 209920K, used 135098K [0x0000000080000000, 0x0000000100000000)
  region size 1024K, 8 young (8192K), 8 survivors (8192K)
 Metaspace       used 129854K, committed 132352K, reserved 1179648K
  class space    used 17731K, committed 18944K, reserved 1048576K
}
Event: 354.740 GC heap before
{Heap before GC invocations=62 (full 0):
 garbage-first heap   total 209920K, used 189370K [0x0000000080000000, 0x0000000100000000)
  region size 1024K, 62 young (63488K), 8 survivors (8192K)
 Metaspace       used 132424K, committed 134848K, reserved 1179648K
  class space    used 18176K, committed 19328K, reserved 1048576K
}
Event: 355.246 GC heap after
{Heap after GC invocations=63 (full 0):
 garbage-first heap   total 209920K, used 127350K [0x0000000080000000, 0x0000000100000000)
  region size 1024K, 4 young (4096K), 4 survivors (4096K)
 Metaspace       used 132424K, committed 134848K, reserved 1179648K
  class space    used 18176K, committed 19328K, reserved 1048576K
}
Event: 362.638 GC heap before
{Heap before GC invocations=63 (full 0):
 garbage-first heap   total 209920K, used 187766K [0x0000000080000000, 0x0000000100000000)
  region size 1024K, 64 young (65536K), 4 survivors (4096K)
 Metaspace       used 135170K, committed 137664K, reserved 1179648K
  class space    used 18575K, committed 19776K, reserved 1048576K
}
Event: 362.656 GC heap after
{Heap after GC invocations=64 (full 0):
 garbage-first heap   total 209920K, used 129967K [0x0000000080000000, 0x0000000100000000)
  region size 1024K, 6 young (6144K), 6 survivors (6144K)
 Metaspace       used 135170K, committed 137664K, reserved 1179648K
  class space    used 18575K, committed 19776K, reserved 1048576K
}
Event: 365.372 GC heap before
{Heap before GC invocations=65 (full 0):
 garbage-first heap   total 217088K, used 190383K [0x0000000080000000, 0x0000000100000000)
  region size 1024K, 66 young (67584K), 6 survivors (6144K)
 Metaspace       used 137780K, committed 140224K, reserved 1179648K
  class space    used 18852K, committed 20032K, reserved 1048576K
}
Event: 365.390 GC heap after
{Heap after GC invocations=66 (full 0):
 garbage-first heap   total 217088K, used 134179K [0x0000000080000000, 0x0000000100000000)
  region size 1024K, 8 young (8192K), 8 survivors (8192K)
 Metaspace       used 137780K, committed 140224K, reserved 1179648K
  class space    used 18852K, committed 20032K, reserved 1048576K
}
Event: 419.310 GC heap before
{Heap before GC invocations=66 (full 0):
 garbage-first heap   total 217088K, used 192547K [0x0000000080000000, 0x0000000100000000)
  region size 1024K, 65 young (66560K), 8 survivors (8192K)
 Metaspace       used 138051K, committed 140480K, reserved 1179648K
  class space    used 18868K, committed 20032K, reserved 1048576K
}
Event: 419.485 GC heap after
{Heap after GC invocations=67 (full 0):
 garbage-first heap   total 217088K, used 137945K [0x0000000080000000, 0x0000000100000000)
  region size 1024K, 9 young (9216K), 9 survivors (9216K)
 Metaspace       used 138051K, committed 140480K, reserved 1179648K
  class space    used 18868K, committed 20032K, reserved 1048576K
}

Dll operation events (3 events):
Event: 0.019 Loaded shared library C:\Program Files\Android\Android Studio\jbr\bin\java.dll
Event: 0.088 Loaded shared library C:\Program Files\Android\Android Studio\jbr\bin\zip.dll
Event: 3.140 Loaded shared library C:\Program Files\Android\Android Studio\jbr\bin\verify.dll

Deoptimization events (20 events):
Event: 422.603 Thread 0x000002448c9fa9b0 Uncommon trap: trap_request=0xffffffd6 fr.pc=0x00000244f6da7e68 relative=0x00000000000028a8
Event: 422.603 Thread 0x000002448c9fa9b0 Uncommon trap: reason=array_check action=maybe_recompile pc=0x00000244f6da7e68 method=org.gradle.internal.service.DefaultServiceRegistry$FactoryService.bind()V @ 281 c2
Event: 422.603 Thread 0x000002448c9fa9b0 DEOPT PACKING pc=0x00000244f6da7e68 sp=0x0000008a759f7c00
Event: 422.603 Thread 0x000002448c9fa9b0 DEOPT UNPACKING pc=0x00000244f5de43a2 sp=0x0000008a759f7c10 mode 2
Event: 422.603 Thread 0x000002448c9fa9b0 Uncommon trap: trap_request=0xffffffd6 fr.pc=0x00000244f6da7e68 relative=0x00000000000028a8
Event: 422.603 Thread 0x000002448c9fa9b0 Uncommon trap: reason=array_check action=maybe_recompile pc=0x00000244f6da7e68 method=org.gradle.internal.service.DefaultServiceRegistry$FactoryService.bind()V @ 281 c2
Event: 422.603 Thread 0x000002448c9fa9b0 DEOPT PACKING pc=0x00000244f6da7e68 sp=0x0000008a759f79c0
Event: 422.603 Thread 0x000002448c9fa9b0 DEOPT UNPACKING pc=0x00000244f5de43a2 sp=0x0000008a759f79d0 mode 2
Event: 422.607 Thread 0x000002448c9fa9b0 Uncommon trap: trap_request=0xffffffd6 fr.pc=0x00000244f6da7e68 relative=0x00000000000028a8
Event: 422.607 Thread 0x000002448c9fa9b0 Uncommon trap: reason=array_check action=maybe_recompile pc=0x00000244f6da7e68 method=org.gradle.internal.service.DefaultServiceRegistry$FactoryService.bind()V @ 281 c2
Event: 422.607 Thread 0x000002448c9fa9b0 DEOPT PACKING pc=0x00000244f6da7e68 sp=0x0000008a759f9b00
Event: 422.607 Thread 0x000002448c9fa9b0 DEOPT UNPACKING pc=0x00000244f5de43a2 sp=0x0000008a759f9b10 mode 2
Event: 423.992 Thread 0x000002448c9fa9b0 Uncommon trap: trap_request=0xffffff6e fr.pc=0x00000244f6db0400 relative=0x0000000000000380
Event: 423.992 Thread 0x000002448c9fa9b0 Uncommon trap: reason=loop_limit_check action=maybe_recompile pc=0x00000244f6db0400 method=org.antlr.v4.runtime.BufferedTokenStream.previousTokenOnChannel(II)I @ 22 c2
Event: 423.992 Thread 0x000002448c9fa9b0 DEOPT PACKING pc=0x00000244f6db0400 sp=0x0000008a759fab10
Event: 423.992 Thread 0x000002448c9fa9b0 DEOPT UNPACKING pc=0x00000244f5de43a2 sp=0x0000008a759faa38 mode 2
Event: 424.757 Thread 0x000002448c9fa9b0 Uncommon trap: trap_request=0xffffffbe fr.pc=0x00000244f6d45cb0 relative=0x0000000000009290
Event: 424.757 Thread 0x000002448c9fa9b0 Uncommon trap: reason=profile_predicate action=maybe_recompile pc=0x00000244f6d45cb0 method=org.gradle.api.internal.artifacts.ivyservice.resolveengine.ComponentResolversChain$DependencyToComponentIdResolverChain.resolve(Lorg/gradle/api/artifacts/component
Event: 424.757 Thread 0x000002448c9fa9b0 DEOPT PACKING pc=0x00000244f6d45cb0 sp=0x0000008a759f8010
Event: 424.758 Thread 0x000002448c9fa9b0 DEOPT UNPACKING pc=0x00000244f5de43a2 sp=0x0000008a759f7c90 mode 2

Classes loaded (20 events):
Event: 367.179 Loading class java/util/HashMapCustomizer
Event: 367.179 Loading class java/util/HashMapCustomizer done
Event: 367.179 Loading class java/util/HashMapCustomizer
Event: 367.179 Loading class java/util/HashMapCustomizer done
Event: 367.190 Loading class java/util/TreeSetBeanInfo
Event: 367.190 Loading class java/util/TreeSetBeanInfo done
Event: 367.190 Loading class java/util/TreeSetBeanInfo
Event: 367.190 Loading class java/util/TreeSetBeanInfo done
Event: 367.190 Loading class java/util/AbstractSetBeanInfo
Event: 367.190 Loading class java/util/AbstractSetBeanInfo done
Event: 367.191 Loading class java/util/AbstractSetBeanInfo
Event: 367.191 Loading class java/util/AbstractSetBeanInfo done
Event: 367.191 Loading class java/util/AbstractSetCustomizer
Event: 367.191 Loading class java/util/AbstractSetCustomizer done
Event: 367.191 Loading class java/util/AbstractSetCustomizer
Event: 367.191 Loading class java/util/AbstractSetCustomizer done
Event: 367.194 Loading class java/util/TreeSetCustomizer
Event: 367.194 Loading class java/util/TreeSetCustomizer done
Event: 367.195 Loading class java/util/TreeSetCustomizer
Event: 367.195 Loading class java/util/TreeSetCustomizer done

Classes unloaded (6 events):
Event: 210.990 Thread 0x00000244fe549b20 Unloading class 0x0000000101040c00 'java/lang/invoke/LambdaForm$MH+0x0000000101040c00'
Event: 210.991 Thread 0x00000244fe549b20 Unloading class 0x0000000100f94c00 'java/lang/invoke/LambdaForm$MH+0x0000000100f94c00'
Event: 210.991 Thread 0x00000244fe549b20 Unloading class 0x0000000100f94800 'java/lang/invoke/LambdaForm$MH+0x0000000100f94800'
Event: 210.991 Thread 0x00000244fe549b20 Unloading class 0x0000000100f94400 'java/lang/invoke/LambdaForm$MH+0x0000000100f94400'
Event: 210.991 Thread 0x00000244fe549b20 Unloading class 0x0000000100f94000 'java/lang/invoke/LambdaForm$MH+0x0000000100f94000'
Event: 210.991 Thread 0x00000244fe549b20 Unloading class 0x0000000100ea4000 'java/lang/invoke/LambdaForm$MH+0x0000000100ea4000'

Classes redefined (0 events):
No events

Internal exceptions (20 events):
Event: 422.180 Thread 0x000002448c9fa9b0 Exception <a 'sun/nio/fs/WindowsException'{0x00000000ff038558}> (0x00000000ff038558) 
thrown [s\src\hotspot\share\prims\jni.cpp, line 537]
Event: 422.181 Thread 0x000002448c9fa9b0 Exception <a 'java/lang/ClassNotFoundException'{0x00000000ff03ea08}: ijKotlinCoroutineJvmDebugInit1_7ur5bwen8i9sx3ssfdbh6sgvxBeanInfo> (0x00000000ff03ea08) 
thrown [s\src\hotspot\share\classfile\systemDictionary.cpp, line 312]
Event: 422.183 Thread 0x000002448c9fa9b0 Exception <a 'sun/nio/fs/WindowsException'{0x00000000ff040408}> (0x00000000ff040408) 
thrown [s\src\hotspot\share\prims\jni.cpp, line 537]
Event: 422.186 Thread 0x000002448c9fa9b0 Exception <a 'java/lang/ClassNotFoundException'{0x00000000ff0468c8}: ijKotlinCoroutineJvmDebugInit1_7ur5bwen8i9sx3ssfdbh6sgvxCustomizer> (0x00000000ff0468c8) 
thrown [s\src\hotspot\share\classfile\systemDictionary.cpp, line 312]
Event: 422.287 Thread 0x000002448c9fa9b0 Exception <a 'sun/nio/fs/WindowsException'{0x00000000ff089648}> (0x00000000ff089648) 
thrown [s\src\hotspot\share\prims\jni.cpp, line 537]
Event: 422.316 Thread 0x000002448c9fa9b0 Exception <a 'sun/nio/fs/WindowsException'{0x00000000ff0d4948}> (0x00000000ff0d4948) 
thrown [s\src\hotspot\share\prims\jni.cpp, line 537]
Event: 422.317 Thread 0x000002448c9fa9b0 Exception <a 'sun/nio/fs/WindowsException'{0x00000000ff0d5e88}> (0x00000000ff0d5e88) 
thrown [s\src\hotspot\share\prims\jni.cpp, line 537]
Event: 422.317 Thread 0x000002448c9fa9b0 Exception <a 'sun/nio/fs/WindowsException'{0x00000000ff0d73c0}> (0x00000000ff0d73c0) 
thrown [s\src\hotspot\share\prims\jni.cpp, line 537]
Event: 422.317 Thread 0x000002448c9fa9b0 Exception <a 'sun/nio/fs/WindowsException'{0x00000000ff0d84f0}> (0x00000000ff0d84f0) 
thrown [s\src\hotspot\share\prims\jni.cpp, line 537]
Event: 422.326 Thread 0x000002448c9fa9b0 Exception <a 'sun/nio/fs/WindowsException'{0x00000000ff0e0c48}> (0x00000000ff0e0c48) 
thrown [s\src\hotspot\share\prims\jni.cpp, line 537]
Event: 422.439 Thread 0x000002448c9fa9b0 Exception <a 'sun/nio/fs/WindowsException'{0x000000008bb37da8}> (0x000000008bb37da8) 
thrown [s\src\hotspot\share\prims\jni.cpp, line 537]
Event: 422.513 Thread 0x000002448c9fa9b0 Exception <a 'sun/nio/fs/WindowsException'{0x000000008bb8b2c0}> (0x000000008bb8b2c0) 
thrown [s\src\hotspot\share\prims\jni.cpp, line 537]
Event: 423.834 Thread 0x000002448c9fa9b0 Exception <a 'sun/nio/fs/WindowsException'{0x000000008a2cbea0}> (0x000000008a2cbea0) 
thrown [s\src\hotspot\share\prims\jni.cpp, line 537]
Event: 423.835 Thread 0x000002448c9fa9b0 Exception <a 'sun/nio/fs/WindowsException'{0x000000008a2cd608}> (0x000000008a2cd608) 
thrown [s\src\hotspot\share\prims\jni.cpp, line 537]
Event: 423.835 Thread 0x000002448c9fa9b0 Exception <a 'sun/nio/fs/WindowsException'{0x000000008a2cf9d0}> (0x000000008a2cf9d0) 
thrown [s\src\hotspot\share\prims\jni.cpp, line 537]
Event: 424.027 Thread 0x000002448c9fa9b0 Exception <a 'sun/nio/fs/WindowsException'{0x000000008a1bed30}> (0x000000008a1bed30) 
thrown [s\src\hotspot\share\prims\jni.cpp, line 537]
Event: 424.031 Thread 0x000002448c9fa9b0 Exception <a 'sun/nio/fs/WindowsException'{0x000000008a1cbb58}> (0x000000008a1cbb58) 
thrown [s\src\hotspot\share\prims\jni.cpp, line 537]
Event: 424.116 Thread 0x000002448c9fa9b0 Exception <a 'sun/nio/fs/WindowsException'{0x000000008a1e9aa8}> (0x000000008a1e9aa8) 
thrown [s\src\hotspot\share\prims\jni.cpp, line 537]
Event: 424.168 Thread 0x000002448c9fa9b0 Exception <a 'sun/nio/fs/WindowsException'{0x000000008a00cf70}> (0x000000008a00cf70) 
thrown [s\src\hotspot\share\prims\jni.cpp, line 537]
Event: 424.751 Thread 0x000002448c9fa9b0 Exception <a 'sun/nio/fs/WindowsException'{0x000000008a0bc450}> (0x000000008a0bc450) 
thrown [s\src\hotspot\share\prims\jni.cpp, line 537]

ZGC Phase Switch (0 events):
No events

VM Operations (20 events):
Event: 402.171 Executing VM operation: Cleanup
Event: 402.171 Executing VM operation: Cleanup done
Event: 407.377 Executing VM operation: Cleanup
Event: 407.377 Executing VM operation: Cleanup done
Event: 418.454 Executing VM operation: Cleanup
Event: 418.462 Executing VM operation: Cleanup done
Event: 419.309 Executing VM operation: G1CollectForAllocation (G1 Evacuation Pause)
Event: 419.485 Executing VM operation: G1CollectForAllocation (G1 Evacuation Pause) done
Event: 420.489 Executing VM operation: Cleanup
Event: 420.536 Executing VM operation: Cleanup done
Event: 421.045 Executing VM operation: HandshakeAllThreads (HandshakeForDeflation)
Event: 421.093 Executing VM operation: HandshakeAllThreads (HandshakeForDeflation) done
Event: 421.093 Executing VM operation: RendezvousGCThreads
Event: 421.093 Executing VM operation: RendezvousGCThreads done
Event: 422.104 Executing VM operation: Cleanup
Event: 422.135 Executing VM operation: Cleanup done
Event: 423.138 Executing VM operation: Cleanup
Event: 423.139 Executing VM operation: Cleanup done
Event: 424.154 Executing VM operation: Cleanup
Event: 424.168 Executing VM operation: Cleanup done

Memory protections (0 events):
No events

Nmethod flushes (20 events):
Event: 363.348 Thread 0x00000244fe549b20 flushing  nmethod 0x00000244ef564390
Event: 363.348 Thread 0x00000244fe549b20 flushing  nmethod 0x00000244ef6c6d10
Event: 363.348 Thread 0x00000244fe549b20 flushing  nmethod 0x00000244ef6c7590
Event: 363.348 Thread 0x00000244fe549b20 flushing  nmethod 0x00000244ef6c7a10
Event: 363.348 Thread 0x00000244fe549b20 flushing  nmethod 0x00000244ef6cd410
Event: 363.348 Thread 0x00000244fe549b20 flushing  nmethod 0x00000244ef76b790
Event: 363.348 Thread 0x00000244fe549b20 flushing  nmethod 0x00000244ef824010
Event: 363.348 Thread 0x00000244fe549b20 flushing  nmethod 0x00000244ef87cb90
Event: 363.348 Thread 0x00000244fe549b20 flushing  nmethod 0x00000244ef963490
Event: 363.348 Thread 0x00000244fe549b20 flushing  nmethod 0x00000244ef99b590
Event: 363.349 Thread 0x00000244fe549b20 flushing  nmethod 0x00000244efa2b890
Event: 363.349 Thread 0x00000244fe549b20 flushing  nmethod 0x00000244efb88f90
Event: 363.349 Thread 0x00000244fe549b20 flushing  nmethod 0x00000244efcbcf10
Event: 363.349 Thread 0x00000244fe549b20 flushing  nmethod 0x00000244efcc3490
Event: 363.349 Thread 0x00000244fe549b20 flushing  nmethod 0x00000244efd42210
Event: 363.349 Thread 0x00000244fe549b20 flushing  nmethod 0x00000244efe18710
Event: 363.349 Thread 0x00000244fe549b20 flushing  nmethod 0x00000244efe1cb10
Event: 363.349 Thread 0x00000244fe549b20 flushing  nmethod 0x00000244eff51190
Event: 363.349 Thread 0x00000244fe549b20 flushing  nmethod 0x00000244eff52610
Event: 363.349 Thread 0x00000244fe549b20 flushing  nmethod 0x00000244effb2510

Events (20 events):
Event: 417.879 Thread 0x000002448c9f7bc0 Thread added: 0x00000244920d9c50
Event: 417.941 Thread 0x000002448c9f7bc0 Thread added: 0x00000244920d6e60
Event: 418.019 Thread 0x000002448c9fa9b0 Thread added: 0x00000244920da2e0
Event: 418.029 Thread 0x000002448c9fa9b0 Thread added: 0x00000244920d88a0
Event: 418.033 Thread 0x000002448c9fa9b0 Thread added: 0x00000244920d8f30
Event: 418.689 Thread 0x000002448c9fa9b0 Thread added: 0x00000244920da970
Event: 418.728 Thread 0x000002448c9fa9b0 Thread added: 0x00000244920d67d0
Event: 419.296 Thread 0x000002448c9fa9b0 Thread added: 0x00000244920d95c0
Event: 419.580 Thread 0x000002448c9fa9b0 Thread added: 0x00000244920d4070
Event: 419.676 Thread 0x000002448c9fa9b0 Thread added: 0x00000244920d39e0
Event: 421.410 Thread 0x000002448c9fa9b0 Thread added: 0x00000244920db000
Event: 421.410 Thread 0x000002448c9fa9b0 Thread added: 0x00000244920d4700
Event: 421.423 Thread 0x000002448c9fa9b0 Thread added: 0x00000244920d4d90
Event: 422.156 Thread 0x000002448c9fa9b0 Thread added: 0x000002448ce9adf0
Event: 422.157 Thread 0x000002448c9fa9b0 Thread added: 0x000002448ce9e270
Event: 422.157 Thread 0x000002448c9fa9b0 Thread added: 0x000002448ce9c1a0
Event: 422.188 Thread 0x00000244fe715fb0 Thread added: 0x0000024488ec8060
Event: 422.330 Thread 0x0000024488ec8060 Thread exited: 0x0000024488ec8060
Event: 422.539 Thread 0x000002448c9fa9b0 Thread added: 0x000002448ce9dbe0
Event: 422.554 Thread 0x000002448c9fa9b0 Thread added: 0x000002448ce9c830


Dynamic libraries:
0x00007ff7524f0000 - 0x00007ff7524fa000 	C:\Program Files\Android\Android Studio\jbr\bin\java.exe
0x00007ffb170e0000 - 0x00007ffb172e9000 	C:\Windows\SYSTEM32\ntdll.dll
0x00007ffb157c0000 - 0x00007ffb1587d000 	C:\Windows\System32\KERNEL32.DLL
0x00007ffb14680000 - 0x00007ffb14a04000 	C:\Windows\System32\KERNELBASE.dll
0x00007ffb14c00000 - 0x00007ffb14d11000 	C:\Windows\System32\ucrtbase.dll
0x00007ffb09740000 - 0x00007ffb09758000 	C:\Program Files\Android\Android Studio\jbr\bin\jli.dll
0x00007ffb15880000 - 0x00007ffb15a2d000 	C:\Windows\System32\USER32.dll
0x00007ffb14d20000 - 0x00007ffb14d46000 	C:\Windows\System32\win32u.dll
0x00007ffb15670000 - 0x00007ffb1569a000 	C:\Windows\System32\GDI32.dll
0x00007ffb14e10000 - 0x00007ffb14f2e000 	C:\Windows\System32\gdi32full.dll
0x00007ffb145e0000 - 0x00007ffb1467d000 	C:\Windows\System32\msvcp_win.dll
0x00007ffaf8000000 - 0x00007ffaf801b000 	C:\Program Files\Android\Android Studio\jbr\bin\VCRUNTIME140.dll
0x00007ffb03a70000 - 0x00007ffb03d15000 	C:\Windows\WinSxS\amd64_microsoft.windows.common-controls_6595b64144ccf1df_6.0.22000.120_none_9d947278b86cc467\COMCTL32.dll
0x00007ffb16f40000 - 0x00007ffb16fe3000 	C:\Windows\System32\msvcrt.dll
0x00007ffb14f30000 - 0x00007ffb14f61000 	C:\Windows\System32\IMM32.DLL
0x00007ffb10ab0000 - 0x00007ffb10abc000 	C:\Program Files\Android\Android Studio\jbr\bin\vcruntime140_1.dll
0x00007ffad5940000 - 0x00007ffad59cd000 	C:\Program Files\Android\Android Studio\jbr\bin\msvcp140.dll
0x00007ffad2310000 - 0x00007ffad2fa6000 	C:\Program Files\Android\Android Studio\jbr\bin\server\jvm.dll
0x00007ffb15530000 - 0x00007ffb155de000 	C:\Windows\System32\ADVAPI32.dll
0x00007ffb15710000 - 0x00007ffb157ae000 	C:\Windows\System32\sechost.dll
0x00007ffb16e10000 - 0x00007ffb16f31000 	C:\Windows\System32\RPCRT4.dll
0x00007ffb156a0000 - 0x00007ffb1570f000 	C:\Windows\System32\WS2_32.dll
0x00007ffb14440000 - 0x00007ffb1448d000 	C:\Windows\SYSTEM32\POWRPROF.dll
0x00007ffb04d50000 - 0x00007ffb04d83000 	C:\Windows\SYSTEM32\WINMM.dll
0x00007ffb0f960000 - 0x00007ffb0f96a000 	C:\Windows\SYSTEM32\VERSION.dll
0x00007ffb14420000 - 0x00007ffb14433000 	C:\Windows\SYSTEM32\UMPDC.dll
0x00007ffb135a0000 - 0x00007ffb135b8000 	C:\Windows\SYSTEM32\kernel.appcore.dll
0x00007ffb0fa10000 - 0x00007ffb0fa1a000 	C:\Program Files\Android\Android Studio\jbr\bin\jimage.dll
0x00007ffb04820000 - 0x00007ffb04a41000 	C:\Windows\SYSTEM32\DBGHELP.DLL
0x00007ffaff340000 - 0x00007ffaff371000 	C:\Windows\SYSTEM32\dbgcore.DLL
0x00007ffb14a10000 - 0x00007ffb14a8f000 	C:\Windows\System32\bcryptPrimitives.dll
0x00007ffb11970000 - 0x00007ffb1197e000 	C:\Program Files\Android\Android Studio\jbr\bin\instrument.dll
0x00007ffaf69c0000 - 0x00007ffaf69e0000 	C:\Program Files\Android\Android Studio\jbr\bin\java.dll
0x00007ffaf64b0000 - 0x00007ffaf64c8000 	C:\Program Files\Android\Android Studio\jbr\bin\zip.dll
0x00007ffb164d0000 - 0x00007ffb16c95000 	C:\Windows\System32\SHELL32.dll
0x00007ffb12600000 - 0x00007ffb12e62000 	C:\Windows\SYSTEM32\windows.storage.dll
0x00007ffb15a50000 - 0x00007ffb15dc6000 	C:\Windows\System32\combase.dll
0x00007ffb12490000 - 0x00007ffb125f7000 	C:\Windows\SYSTEM32\wintypes.dll
0x00007ffb15160000 - 0x00007ffb1524a000 	C:\Windows\System32\SHCORE.dll
0x00007ffb154d0000 - 0x00007ffb1552d000 	C:\Windows\System32\shlwapi.dll
0x00007ffb144a0000 - 0x00007ffb144c5000 	C:\Windows\SYSTEM32\profapi.dll
0x00007ffb09e50000 - 0x00007ffb09e60000 	C:\Program Files\Android\Android Studio\jbr\bin\net.dll
0x00007ffb0f650000 - 0x00007ffb0f764000 	C:\Windows\SYSTEM32\WINHTTP.dll
0x00007ffb13a40000 - 0x00007ffb13aa7000 	C:\Windows\system32\mswsock.dll
0x00007ffaf0cc0000 - 0x00007ffaf0cd6000 	C:\Program Files\Android\Android Studio\jbr\bin\nio.dll
0x00007ffaf7ff0000 - 0x00007ffaf8000000 	C:\Program Files\Android\Android Studio\jbr\bin\verify.dll
0x00007ffad8880000 - 0x00007ffad88a7000 	C:\Users\DELL\.gradle\native\660c5614fbf4a5f2a75b1949f50a0caf5cd603558e7d8a26e50b933a0cfb79d1\windows-amd64\native-platform.dll
0x00007ffad5500000 - 0x00007ffad5577000 	C:\Users\DELL\.gradle\native\0.2.8\x86_64-windows-gnu\gradle-fileevents.dll
0x00007ffb02c10000 - 0x00007ffb02c19000 	C:\Program Files\Android\Android Studio\jbr\bin\management.dll
0x00007ffb02b50000 - 0x00007ffb02b5b000 	C:\Program Files\Android\Android Studio\jbr\bin\management_ext.dll
0x00007ffb157b0000 - 0x00007ffb157b8000 	C:\Windows\System32\PSAPI.DLL
0x00007ffb13100000 - 0x00007ffb1312d000 	C:\Windows\SYSTEM32\IPHLPAPI.DLL
0x00007ffb14f90000 - 0x00007ffb14f99000 	C:\Windows\System32\NSI.dll
0x00007ffb04db0000 - 0x00007ffb04db9000 	C:\Program Files\Android\Android Studio\jbr\bin\extnet.dll
0x00007ffb13d10000 - 0x00007ffb13d28000 	C:\Windows\SYSTEM32\CRYPTSP.dll
0x00007ffb13500000 - 0x00007ffb13535000 	C:\Windows\system32\rsaenh.dll
0x00007ffb13ae0000 - 0x00007ffb13b0c000 	C:\Windows\SYSTEM32\USERENV.dll
0x00007ffb13e50000 - 0x00007ffb13e77000 	C:\Windows\SYSTEM32\bcrypt.dll
0x00007ffb13c30000 - 0x00007ffb13c3c000 	C:\Windows\SYSTEM32\CRYPTBASE.dll
0x00007ffb09c50000 - 0x00007ffb09c58000 	C:\Windows\system32\wshunix.dll

JVMTI agents:
C:\Users\DELL\.gradle\wrapper\dists\gradle-9.2.1-bin\2t0n5ozlw9xmuyvbp7dnzaxug\gradle-9.2.1\lib\agents\gradle-instrumentation-agent-9.2.1.jar path:C:\Program Files\Android\Android Studio\jbr\bin\instrument.dll, loaded, initialized, instrumentlib options:none

dbghelp: loaded successfully - version: 4.0.5 - missing functions: none
symbol engine: initialized successfully - sym options: 0x614 - pdb path: .;C:\Program Files\Android\Android Studio\jbr\bin;C:\Windows\SYSTEM32;C:\Windows\WinSxS\amd64_microsoft.windows.common-controls_6595b64144ccf1df_6.0.22000.120_none_9d947278b86cc467;C:\Program Files\Android\Android Studio\jbr\bin\server;C:\Users\DELL\.gradle\native\660c5614fbf4a5f2a75b1949f50a0caf5cd603558e7d8a26e50b933a0cfb79d1\windows-amd64;C:\Users\DELL\.gradle\native\0.2.8\x86_64-windows-gnu

VM Arguments:
jvm_args: --add-opens=java.base/java.lang=ALL-UNNAMED --add-opens=java.base/java.lang.invoke=ALL-UNNAMED --add-opens=java.base/java.util=ALL-UNNAMED --add-opens=java.prefs/java.util.prefs=ALL-UNNAMED --add-exports=jdk.compiler/com.sun.tools.javac.api=ALL-UNNAMED --add-exports=jdk.compiler/com.sun.tools.javac.util=ALL-UNNAMED --add-opens=java.base/java.util=ALL-UNNAMED --add-opens=java.prefs/java.util.prefs=ALL-UNNAMED --add-opens=java.base/java.nio.charset=ALL-UNNAMED --add-opens=java.base/java.net=ALL-UNNAMED --add-opens=java.base/java.util.concurrent=ALL-UNNAMED --add-opens=java.base/java.util.concurrent.atomic=ALL-UNNAMED --add-opens=java.xml/javax.xml.namespace=ALL-UNNAMED --add-opens=java.base/java.time=ALL-UNNAMED -Xmx2048m -Dfile.encoding=UTF-8 -Duser.country=IN -Duser.language=en -Duser.variant -javaagent:C:\Users\DELL\.gradle\wrapper\dists\gradle-9.2.1-bin\2t0n5ozlw9xmuyvbp7dnzaxug\gradle-9.2.1\lib\agents\gradle-instrumentation-agent-9.2.1.jar 
java_command: org.gradle.launcher.daemon.bootstrap.GradleDaemon 9.2.1
java_class_path (initial): C:\Users\DELL\.gradle\wrapper\dists\gradle-9.2.1-bin\2t0n5ozlw9xmuyvbp7dnzaxug\gradle-9.2.1\lib\gradle-daemon-main-9.2.1.jar
Launcher Type: SUN_STANDARD

[Global flags]
     intx CICompilerCount                          = 3                                         {product} {ergonomic}
     uint ConcGCThreads                            = 1                                         {product} {ergonomic}
     uint G1ConcRefinementThreads                  = 4                                         {product} {ergonomic}
   size_t G1HeapRegionSize                         = 1048576                                   {product} {ergonomic}
    uintx GCDrainStackTargetSize                   = 64                                        {product} {ergonomic}
   size_t InitialHeapSize                          = 134217728                                 {product} {ergonomic}
   size_t MarkStackSize                            = 4194304                                   {product} {ergonomic}
   size_t MaxHeapSize                              = 2147483648                                {product} {command line}
   size_t MaxNewSize                               = 1287651328                                {product} {ergonomic}
   size_t MinHeapDeltaBytes                        = 1048576                                   {product} {ergonomic}
   size_t MinHeapSize                              = 8388608                                   {product} {ergonomic}
    uintx NonNMethodCodeHeapSize                   = 5832780                                {pd product} {ergonomic}
    uintx NonProfiledCodeHeapSize                  = 122912730                              {pd product} {ergonomic}
    uintx ProfiledCodeHeapSize                     = 122912730                              {pd product} {ergonomic}
    uintx ReservedCodeCacheSize                    = 251658240                              {pd product} {ergonomic}
     bool SegmentedCodeCache                       = true                                      {product} {ergonomic}
   size_t SoftMaxHeapSize                          = 2147483648                             {manageable} {ergonomic}
     bool UseCompressedOops                        = true                           {product lp64_product} {ergonomic}
     bool UseG1GC                                  = true                                      {product} {ergonomic}
     bool UseLargePagesIndividualAllocation        = false                                  {pd product} {ergonomic}

Logging:
Log output configuration:
 #0: stdout all=warning uptime,level,tags foldmultilines=false
 #1: stderr all=off uptime,level,tags foldmultilines=false

Release file:
JAVA_VERSION="21.0.9" 
MODULES="java.base java.compiler java.datatransfer java.xml java.prefs java.desktop java.instrument java.logging java.management java.security.sasl java.naming java.rmi java.management.rmi java.net.http java.scripting java.security.jgss java.transaction.xa java.sql java.sql.rowset java.xml.crypto java.se java.smartcardio jdk.accessibility jdk.internal.jvmstat jdk.attach jdk.charsets jdk.internal.opt jdk.zipfs jdk.compiler jdk.crypto.ec jdk.crypto.cryptoki jdk.dynalink jdk.hotspot.agent jdk.httpserver jdk.internal.ed jdk.internal.le jdk.internal.vm.ci jdk.jartool jdk.javadoc jdk.jcmd jdk.jdeps jdk.jdwp.agent jdk.jdi jdk.jfr jdk.jlink jdk.jsobject jdk.localedata jdk.management jdk.management.agent jdk.management.jfr jdk.naming.dns jdk.naming.rmi jdk.net jdk.sctp jdk.security.auth jdk.security.jgss jdk.unsupported jdk.unsupported.desktop jdk.xml.dom" 
IMPLEMENTOR="JetBrains s.r.o." 
JAVA_RUNTIME_VERSION="21.0.9+-14649483-b1163.86" 
LIBC="default" 
OS_ARCH="x86_64" 
OS_NAME="Windows" 
SOURCE=".:git:554d0c326095" 

Environment Variables:
CLASSPATH=c:\Users\DELL\.vscode\extensions\vscjava.vscode-gradle-3.17.2\lib\gradle-server.jar
PATH=C:\Users\DELL\AppData\Local\Programs\Microsoft VS Code;C:\Program Files (x86)\VMware\VMware Workstation\bin\;C:\Program Files\Python38\Scripts\;C:\Program Files\Python38\;C:\Program Files\Python39\Scripts\;C:\Program Files\Python39\;C:\Windows\system32;C:\Windows;C:\Windows\System32\Wbem;C:\Windows\System32\WindowsPowerShell\v1.0\;C:\Windows\System32\OpenSSH\;C:\Users\DELL\AppData\Local\Packages\PythonSoftwareFoundation.Python.3.11_qbz5n2kfra8p0\LocalCache\local-packages\Python311\Script;C:\Program Files\dotnet\;C:\ngrok.exe;C:\Users\DELL\AppData\Roaming\Python\Python39\Scripts;C:\Program Files\Ollama;C:\Program Files\Docker\Docker\resources\bin;C:\ProgramData\chocolatey\bin;C:\ffmpeg\ffmpeg-7.0.2-full_build\bin;C:\Users\DELL\.cargo\bin;C:\Users\DELL\AppData\Local\Microsoft\WindowsApps;C:\Users\DELL\AppData\Roaming\npm;C:\Users\DELL\AppData\Local\GitHubDesktop\bin;C:\Users\DELL\AppData\Local\Programs\Microsoft VS Code\bin;C:\Users\DELL\AppData\Local\Programs\Ollama;C:\Users\DELL\AppData\Roaming\local\bin;C:\Users\DELL\AppData\Local\Programs\cursor\resources\app\bin;C;C:\Program Files\nodejs\;C:\Program Files\CMake\bin;C:\Program Files\Git\cmd;C:\Program Files\Python38\Scripts\;C:\Program Files\Python38\;C:\Program Files\Python39\Scripts\;C:\Program Files\Python39\;C:\Windows\system32;C:\Windows;C:\Windows\System32\Wbem;C:\Windows\System32\WindowsPowerShell\v1.0\;C:\Windows\System32\OpenSSH\;C:\Program Files\nodejs\;C:\Program Files\Git\cmd;C:\Users\DELL\AppData\Local\Packages\PythonSoftwareFoundation.Python.3.11_qbz5n2kfra8p0\LocalCache\local-packages\Python311\Script;C:\Program Files\dotnet\;C:\ngrok.exe;C:\Users\DELL\AppData\Roaming\Python\Python39\Scripts;C:\Program Files\Ollama;C:\Program Files\Docker\Docker\resources\bin;C:\ProgramData\chocolatey\bin;C:\ffmpeg\ffmpeg-7.0.2-full_build\bin;C:\Users\DELL\.cargo\bin;C:\Users\DELL\AppData\Local\Microsoft\WindowsApps;C:\Users\DELL\AppData\Local\GitHubDesktop\bin;C:\Users\DELL\AppData\Local\Programs\Ollama;C:\Users\DELL\AppData\Roaming\local\bin;C:\Users\DELL\AppData\Local\Programs\cursor\resources\app\bin;C;C:\Users\DELL\AppData\Roaming\npm;C:\Users\DELL\AppData\Local\Programs\Microsoft VS Code\bin;D:\Windsurf\bin
USERNAME=DELL
OS=Windows_NT
PROCESSOR_IDENTIFIER=Intel64 Family 6 Model 94 Stepping 3, GenuineIntel
TMP=C:\Users\DELL\AppData\Local\Temp
TEMP=C:\Users\DELL\AppData\Local\Temp




Periodic native trim disabled

JNI global refs:
JNI global refs: 27, weak refs: 2

JNI global refs memory usage: 835, weak refs: 833

Process memory usage:
Resident Set Size: 237504K (2% of 8269864K total physical memory with 540368K free physical memory)

OOME stack traces (most recent first):
Classloader memory used:
Loader org.gradle.internal.classloader.VisitableURLClassLoader                         : 50422K
Loader org.gradle.internal.classloader.VisitableURLClassLoader$InstrumentingVisitableURLClassLoader: 41346K
Loader bootstrap                                                                       : 29897K
Loader org.gradle.initialization.MixInLegacyTypesClassLoader                           : 14673K
Loader org.gradle.internal.classloader.VisitableURLClassLoader                         : 469K
Loader jdk.internal.reflect.DelegatingClassLoader                                      : 455K
Loader jdk.internal.loader.ClassLoaders$PlatformClassLoader                            : 447K
Loader org.gradle.groovy.scripts.internal.DefaultScriptCompilationHandler$ScriptClassLoader: 234K
Loader jdk.internal.loader.ClassLoaders$AppClassLoader                                 : 233K
Loader groovy.lang.GroovyClassLoader$InnerLoader                                       : 26880B
Loader sun.reflect.misc.MethodUtil                                                     : 2984B

Classes loaded by more than one classloader:
Class Program                                                                         : loaded 5 times (x 72B)
Class ijKotlinCoroutineJvmDebugInit1_7ur5bwen8i9sx3ssfdbh6sgvx                        : loaded 3 times (x 171B)
Class ijKotlinCoroutineJvmDebugInit1_7ur5bwen8i9sx3ssfdbh6sgvx$_run_closure1          : loaded 3 times (x 139B)
Class Build_gradle                                                                    : loaded 3 times (x 126B)
Class ijKotlinCoroutineJvmDebugInit1_7ur5bwen8i9sx3ssfdbh6sgvx$_run_closure1$_closure2: loaded 3 times (x 139B)
Class org.gradle.api.GradleException                                                  : loaded 3 times (x 82B)
Class ijJvmDebugger1_858lgih2bb2q0e27cpsinjh49                                        : loaded 3 times (x 171B)
Class ijJvmDebugger1_858lgih2bb2q0e27cpsinjh49$_run_closure1                          : loaded 3 times (x 139B)
Class ijJvmDebugger1_858lgih2bb2q0e27cpsinjh49$_run_closure1$_closure2                : loaded 3 times (x 140B)
Class com.google.common.util.concurrent.ExecutionError                                : loaded 2 times (x 82B)
Class com.google.common.collect.ImmutableList$1                                       : loaded 2 times (x 97B)
Class org.gradle.api.internal.classpath.ManifestUtil                                  : loaded 2 times (x 71B)
Class com.google.common.collect.RegularImmutableMap                                   : loaded 2 times (x 121B)
Class com.google.common.collect.ImmutableMap$MapViewOfValuesAsSingletonSets           : loaded 2 times (x 126B)
Class [Lorg.objectweb.asm.Symbol;                                                     : loaded 2 times (x 69B)
Class org.objectweb.asm.ClassVisitor                                                  : loaded 2 times (x 88B)
Class com.google.common.collect.UnmodifiableListIterator                              : loaded 2 times (x 95B)
Class org.gradle.internal.operations.MultipleBuildOperationFailures                   : loaded 2 times (x 95B)
Class com.google.common.base.Platform$JdkPatternCompiler                              : loaded 2 times (x 75B)
Class org.objectweb.asm.MethodTooLargeException                                       : loaded 2 times (x 83B)
Class [Lcom.google.common.cache.CacheBuilder$OneWeigher;                              : loaded 2 times (x 69B)
Class com.google.common.base.Suppliers                                                : loaded 2 times (x 71B)
Class org.gradle.internal.classloader.DefaultClassLoaderFactory                       : loaded 2 times (x 82B)
Class org.gradle.internal.classloader.ClassLoaderVisitor                              : loaded 2 times (x 76B)
Class [Lcom.google.common.collect.ImmutableMapEntry;                                  : loaded 2 times (x 69B)
Class org.gradle.api.internal.classpath.EffectiveClassPath                            : loaded 2 times (x 90B)
Class com.google.common.collect.ListMultimap                                          : loaded 2 times (x 70B)
Class com.google.common.collect.ImmutableEnumMap                                      : loaded 2 times (x 126B)
Class org.gradle.tooling.internal.gradle.DefaultProjectIdentifier                     : loaded 2 times (x 86B)
Class com.google.common.collect.Sets$1                                                : loaded 2 times (x 139B)
Class org.objectweb.asm.AnnotationVisitor                                             : loaded 2 times (x 78B)
Class com.microsoft.gradle.api.GradleProjectModel                                     : loaded 2 times (x 70B)
Class org.gradle.api.internal.DefaultClassPathProvider                                : loaded 2 times (x 76B)
Class com.google.common.collect.Sets$2                                                : loaded 2 times (x 139B)
Class [Lorg.gradle.api.internal.ClassPathProvider;                                    : loaded 2 times (x 69B)
Class org.gradle.api.internal.ClassPathProvider                                       : loaded 2 times (x 70B)
Class [Lorg.objectweb.asm.AnnotationVisitor;                                          : loaded 2 times (x 69B)
Class com.google.common.collect.Sets$3                                                : loaded 2 times (x 139B)
Class com.google.common.cache.LocalCache$LocalLoadingCache                            : loaded 2 times (x 134B)
Class org.gradle.internal.service.UnknownServiceException                             : loaded 2 times (x 83B)
Class com.google.common.collect.Sets$4                                                : loaded 2 times (x 139B)
Class org.objectweb.asm.ModuleVisitor                                                 : loaded 2 times (x 81B)
Class com.google.common.cache.LocalCache$Strength$1                                   : loaded 2 times (x 81B)
Class com.google.common.util.concurrent.SettableFuture                                : loaded 2 times (x 114B)
Class com.google.common.cache.LocalCache$Strength$2                                   : loaded 2 times (x 81B)
Class com.google.common.cache.LocalCache$Strength$3                                   : loaded 2 times (x 81B)
Class com.google.common.collect.MapDifference                                         : loaded 2 times (x 70B)
Class org.objectweb.asm.FieldWriter                                                   : loaded 2 times (x 78B)
Class com.google.common.cache.CacheBuilder$NullListener                               : loaded 2 times (x 82B)
Class org.gradle.internal.classpath.TransformedClassPath                              : loaded 2 times (x 96B)
Class org.gradle.internal.classloader.InstrumentingClassLoader                        : loaded 2 times (x 70B)
Class com.google.common.cache.CacheLoader$FunctionToCacheLoader                       : loaded 2 times (x 75B)
Class com.google.common.collect.Iterators$ArrayItr                                    : loaded 2 times (x 97B)
Class com.google.common.collect.ImmutableCollection$Builder                           : loaded 2 times (x 76B)
Class com.google.common.base.Joiner                                                   : loaded 2 times (x 79B)
Class com.google.common.base.MoreObjects                                              : loaded 2 times (x 71B)
Class com.google.common.collect.Platform                                              : loaded 2 times (x 71B)
Class [Lorg.objectweb.asm.Type;                                                       : loaded 2 times (x 69B)
Class com.google.common.collect.UnmodifiableIterator                                  : loaded 2 times (x 80B)
Class org.gradle.internal.service.ServiceLocator                                      : loaded 2 times (x 70B)
Class com.intellij.gradle.toolingExtension.util.GradleVersionUtil                     : loaded 2 times (x 71B)
Class com.google.common.collect.SingletonImmutableBiMap                               : loaded 2 times (x 143B)
Class com.google.common.base.Ascii                                                    : loaded 2 times (x 71B)
Class com.google.common.cache.LocalCache$1                                            : loaded 2 times (x 89B)
Class com.google.common.collect.Iterators$SingletonIterator                           : loaded 2 times (x 81B)
Class com.google.common.collect.AbstractMapEntry                                      : loaded 2 times (x 81B)
Class org.gradle.tooling.model.UnsupportedMethodException                             : loaded 2 times (x 82B)
Class com.google.common.collect.ImmutableEnumSet                                      : loaded 2 times (x 146B)
Class com.google.common.collect.Sets$ImprovedAbstractSet                              : loaded 2 times (x 135B)
Class com.google.common.collect.ImmutableList$Builder                                 : loaded 2 times (x 77B)
Class com.google.common.collect.AbstractMultimap                                      : loaded 2 times (x 123B)
Class com.google.common.cache.LocalCache$2                                            : loaded 2 times (x 142B)
Class com.google.common.collect.RegularImmutableAsList                                : loaded 2 times (x 217B)
Class com.google.common.util.concurrent.AbstractFuture$Trusted                        : loaded 2 times (x 70B)
Class com.google.common.collect.Iterators                                             : loaded 2 times (x 71B)
Class com.google.common.collect.Lists$StringAsImmutableList                           : loaded 2 times (x 207B)
Class com.google.common.util.concurrent.UncheckedExecutionException                   : loaded 2 times (x 82B)
Class org.gradle.kotlin.dsl.VersionCatalogAccessorsKt                                 : loaded 2 times (x 71B)
Class com.google.common.collect.AbstractMapBasedMultimap$KeySet$1                     : loaded 2 times (x 82B)
Class org.objectweb.asm.ClassWriter                                                   : loaded 2 times (x 106B)
Class com.google.common.base.CharMatcher$And                                          : loaded 2 times (x 112B)
Class com.google.common.cache.CacheLoader$UnsupportedLoadingOperationException        : loaded 2 times (x 82B)
Class org.gradle.internal.time.DefaultTimer                                           : loaded 2 times (x 80B)
Class org.gradle.internal.classloader.ClasspathUtil$1                                 : loaded 2 times (x 76B)
Class com.google.common.base.Objects                                                  : loaded 2 times (x 71B)
Class org.objectweb.asm.FieldVisitor                                                  : loaded 2 times (x 77B)
Class com.google.common.collect.IndexedImmutableSet                                   : loaded 2 times (x 152B)
Class com.google.common.collect.ImmutableMap$1                                        : loaded 2 times (x 81B)
Class com.google.common.collect.BiMap                                                 : loaded 2 times (x 70B)
Class org.gradle.api.internal.classpath.DefaultModuleRegistry$DefaultModule           : loaded 2 times (x 86B)
Class com.google.common.primitives.Ints                                               : loaded 2 times (x 71B)
Class com.google.common.collect.AbstractIterator                                      : loaded 2 times (x 82B)
Class com.google.common.collect.ObjectArrays                                          : loaded 2 times (x 71B)
Class com.google.common.math.MathPreconditions                                        : loaded 2 times (x 71B)
Class com.google.common.collect.Multiset                                              : loaded 2 times (x 70B)
Class com.google.common.collect.ArrayListMultimapGwtSerializationDependencies         : loaded 2 times (x 172B)
Class com.google.common.collect.AbstractIndexedListIterator                           : loaded 2 times (x 96B)
Class org.gradle.internal.time.DefaultCountdownTimer                                  : loaded 2 times (x 88B)
Class com.google.common.collect.ImmutableMapEntrySet                                  : loaded 2 times (x 152B)
Class f511d84176bc993393ac06d6358b37_9y0azibiw30dx4lfcwt5n0wzj$_run_closure1          : loaded 2 times (x 139B)
Class org.gradle.tooling.internal.gradle.DefaultBuildIdentifier                       : loaded 2 times (x 79B)
Class org.gradle.api.internal.classpath.Module                                        : loaded 2 times (x 70B)
Class com.google.common.cache.Weigher                                                 : loaded 2 times (x 70B)
Class org.gradle.api.internal.classpath.UnknownModuleException                        : loaded 2 times (x 82B)
Class com.google.common.base.Stopwatch                                                : loaded 2 times (x 72B)
Class com.google.common.cache.LocalCache$Strength                                     : loaded 2 times (x 81B)
Class com.google.common.cache.Cache                                                   : loaded 2 times (x 70B)
Class com.google.common.util.concurrent.AbstractFuture$Cancellation                   : loaded 2 times (x 72B)
Class com.google.common.collect.ImmutableMap$Builder                                  : loaded 2 times (x 82B)
Class com.google.common.cache.RemovalListener                                         : loaded 2 times (x 70B)
Class org.gradle.tooling.internal.gradle.GradleProjectIdentity                        : loaded 2 times (x 70B)
Class org.gradle.api.internal.DefaultClassPathRegistry                                : loaded 2 times (x 76B)
Class com.google.common.primitives.IntsMethodsForWeb                                  : loaded 2 times (x 71B)
Class com.google.common.collect.Multimap                                              : loaded 2 times (x 70B)
Class org.gradle.api.internal.ClassPathRegistry                                       : loaded 2 times (x 70B)
Class org.gradle.internal.classpath.DefaultClassPath$ImmutableUniqueList              : loaded 2 times (x 199B)
Class com.google.common.base.ExtraObjectsMethodsForWeb                                : loaded 2 times (x 71B)
Class com.intellij.gradle.toolingExtension.impl.initScript.util.GradleLifecycleUtil   : loaded 2 times (x 71B)
Class com.google.common.cache.CacheBuilder                                            : loaded 2 times (x 72B)
Class com.google.common.collect.SingletonImmutableList                                : loaded 2 times (x 207B)
Class Settings_gradle$1                                                               : loaded 2 times (x 74B)
Class org.gradle.internal.classpath.ClassPath                                         : loaded 2 times (x 70B)
Class com.google.common.base.JdkPattern                                               : loaded 2 times (x 75B)
Class com.google.common.collect.ImmutableList$ReverseImmutableList                    : loaded 2 times (x 209B)
Class org.objectweb.asm.SymbolTable$Entry                                             : loaded 2 times (x 74B)
Class com.microsoft.gradle.api.GradleDependencyNode                                   : loaded 2 times (x 70B)
Class org.objectweb.asm.Edge                                                          : loaded 2 times (x 72B)
Class com.google.common.base.Suppliers$SupplierOfInstance                             : loaded 2 times (x 79B)
Class com.google.common.collect.Iterators$1                                           : loaded 2 times (x 81B)
Class org.gradle.tooling.model.Model                                                  : loaded 2 times (x 70B)
Class com.google.common.cache.LocalCache$ComputingValueReference                      : loaded 2 times (x 96B)
Class com.google.common.collect.SingletonImmutableSet                                 : loaded 2 times (x 146B)
Class com.google.common.collect.ImmutableMap$IteratorBasedImmutableMap                : loaded 2 times (x 126B)
Class com.google.common.cache.LocalCache$Segment                                      : loaded 2 times (x 154B)
Class com.google.common.collect.AbstractListMultimap                                  : loaded 2 times (x 172B)
Class [Lorg.objectweb.asm.SymbolTable$Entry;                                          : loaded 2 times (x 69B)
Class com.google.common.cache.CacheLoader                                             : loaded 2 times (x 74B)
Class com.google.common.collect.Iterators$4                                           : loaded 2 times (x 82B)
Class com.google.common.collect.ImmutableBiMap                                        : loaded 2 times (x 143B)
Class com.microsoft.gradle.api.GradleTask                                             : loaded 2 times (x 70B)
Class org.gradle.api.internal.classpath.ModuleRegistry                                : loaded 2 times (x 70B)
Class org.gradle.internal.installation.GradleInstallation$1                           : loaded 2 times (x 75B)
Class com.google.common.collect.ImmutableSet$JdkBackedSetBuilderImpl                  : loaded 2 times (x 76B)
Class com.google.common.util.concurrent.internal.InternalFutureFailureAccess          : loaded 2 times (x 72B)
Class com.google.common.collect.Iterators$5                                           : loaded 2 times (x 82B)
Class org.gradle.internal.classloader.ClassLoaderHierarchy                            : loaded 2 times (x 70B)
Class com.google.common.base.CharMatcher$ForPredicate                                 : loaded 2 times (x 112B)
Class com.google.common.cache.LocalCache$LocalManualCache$1                           : loaded 2 times (x 75B)
Class ijKotlinCoroutineJvmDebugInit1_7ur5bwen8i9sx3ssfdbh6sgvx$_run_closure1$_closure3: loaded 2 times (x 139B)
Class com.google.common.base.CharMatcher$AnyOf                                        : loaded 2 times (x 112B)
Class com.google.common.collect.ImmutableCollection                                   : loaded 2 times (x 125B)
Class org.gradle.api.internal.classpath.DefaultModuleRegistry                         : loaded 2 times (x 86B)
Class com.google.common.collect.Lists                                                 : loaded 2 times (x 71B)
Class com.google.common.util.concurrent.ListenableFuture                              : loaded 2 times (x 70B)
Class com.google.common.cache.ReferenceEntry                                          : loaded 2 times (x 70B)
Class com.google.common.base.CharMatcher$IsEither                                     : loaded 2 times (x 111B)
Class com.google.common.collect.ImmutableSet$CachingAsList                            : loaded 2 times (x 148B)
Class com.google.common.collect.AbstractMapBasedMultimap                              : loaded 2 times (x 139B)
Class com.google.common.util.concurrent.AbstractFuture                                : loaded 2 times (x 106B)
Class com.google.common.base.FunctionalEquivalence                                    : loaded 2 times (x 83B)
Class com.google.common.collect.Iterators$9                                           : loaded 2 times (x 81B)
Class com.google.common.collect.ImmutableAsList                                       : loaded 2 times (x 209B)
Class org.objectweb.asm.RecordComponentVisitor                                        : loaded 2 times (x 77B)
Class com.google.common.cache.CacheLoader$SupplierToCacheLoader                       : loaded 2 times (x 75B)
Class org.gradle.internal.time.MonotonicClock                                         : loaded 2 times (x 77B)
Class org.gradle.internal.service.ServiceLookupException                              : loaded 2 times (x 82B)
Class [Lcom.google.common.cache.LocalCache$EntryFactory;                              : loaded 2 times (x 69B)
Class org.gradle.internal.classloader.ClassLoaderFactory                              : loaded 2 times (x 70B)
Class com.google.common.base.CommonPattern                                            : loaded 2 times (x 74B)
Class com.google.common.base.CharMatcher$IsNot                                        : loaded 2 times (x 111B)
Class com.google.common.cache.LocalCache$LocalManualCache                             : loaded 2 times (x 99B)
Class org.gradle.internal.service.CachingServiceLocator                               : loaded 2 times (x 82B)
Class com.google.common.collect.AbstractMapBasedMultimap$KeySet                       : loaded 2 times (x 137B)
Class com.google.common.math.IntMath                                                  : loaded 2 times (x 71B)
Class org.objectweb.asm.commons.InstructionAdapter                                    : loaded 2 times (x 188B)
Class com.google.common.collect.ImmutableMapEntry                                     : loaded 2 times (x 85B)
Class org.gradle.internal.time.TimeSource                                             : loaded 2 times (x 70B)
Class com.google.common.base.Equivalence                                              : loaded 2 times (x 82B)
Class com.google.common.base.Function                                                 : loaded 2 times (x 70B)
Class com.google.common.collect.ImmutableMapEntry$NonTerminalImmutableMapEntry        : loaded 2 times (x 85B)
Class org.gradle.tooling.internal.gradle.GradleBuildIdentity                          : loaded 2 times (x 70B)
Class com.google.common.collect.IndexedImmutableSet$1                                 : loaded 2 times (x 213B)
Class com.google.common.cache.CacheBuilder$OneWeigher                                 : loaded 2 times (x 82B)
Class com.google.common.collect.RegularImmutableList                                  : loaded 2 times (x 213B)
Class org.gradle.internal.exceptions.ResolutionProvider                               : loaded 2 times (x 70B)
Class f511d84176bc993393ac06d6358b37_9y0azibiw30dx4lfcwt5n0wzj                        : loaded 2 times (x 171B)
Class org.gradle.tooling.model.ProjectIdentifier                                      : loaded 2 times (x 70B)
Class org.gradle.internal.classloader.ClasspathUtil                                   : loaded 2 times (x 71B)
Class com.google.common.util.concurrent.Uninterruptibles                              : loaded 2 times (x 71B)
Class com.google.common.util.concurrent.LazyLogger                                    : loaded 2 times (x 72B)
Class com.google.common.collect.Maps                                                  : loaded 2 times (x 71B)
Class org.gradle.internal.time.TimeSource$1                                           : loaded 2 times (x 77B)
Class org.gradle.api.specs.Spec                                                       : loaded 2 times (x 70B)
Class [Lcom.google.common.collect.ImmutableEntry;                                     : loaded 2 times (x 69B)
Class com.google.common.cache.LocalCache$LoadingValueReference                        : loaded 2 times (x 96B)
Class com.google.common.base.Platform                                                 : loaded 2 times (x 71B)
Class com.microsoft.gradle.api.GradleField                                            : loaded 2 times (x 70B)
Class org.gradle.internal.time.Clock                                                  : loaded 2 times (x 70B)
Class [Lorg.objectweb.asm.AnnotationWriter;                                           : loaded 2 times (x 69B)
Class com.google.common.collect.Maps$8                                                : loaded 2 times (x 82B)
Class com.microsoft.gradle.api.GradleClosure                                          : loaded 2 times (x 70B)
Class com.google.common.collect.Sets$SetView                                          : loaded 2 times (x 138B)
Class com.google.common.cache.LocalCache$StrongValueReference                         : loaded 2 times (x 90B)
Class org.objectweb.asm.Type                                                          : loaded 2 times (x 72B)
Class org.gradle.internal.classloader.VisitableURLClassLoader$InstrumentingVisitableURLClassLoader: loaded 2 times (x 123B)
Class com.google.common.math.IntMath$1                                                : loaded 2 times (x 71B)
Class org.objectweb.asm.ByteVector                                                    : loaded 2 times (x 79B)
Class [Lcom.google.common.cache.CacheBuilder$NullListener;                            : loaded 2 times (x 69B)
Class org.gradle.internal.classloader.VisitableURLClassLoader$Spec                    : loaded 2 times (x 74B)
Class org.gradle.internal.classpath.DefaultClassPath                                  : loaded 2 times (x 90B)
Class org.gradle.internal.classloader.FilteringClassLoader                            : loaded 2 times (x 105B)
Class org.objectweb.asm.Symbol                                                        : loaded 2 times (x 73B)
Class com.microsoft.gradle.api.GradleDependencyType                                   : loaded 2 times (x 79B)
Class GradleAnnotationProcessorPatchPlugin                                            : loaded 2 times (x 99B)
Class com.google.common.base.CharMatcher$BitSetMatcher                                : loaded 2 times (x 112B)
Class com.google.common.collect.RegularImmutableMap$Values                            : loaded 2 times (x 207B)
Class com.google.common.collect.ImmutableSet                                          : loaded 2 times (x 145B)
Class org.gradle.internal.classloader.ClassLoaderSpec                                 : loaded 2 times (x 71B)
Class org.objectweb.asm.AnnotationWriter                                              : loaded 2 times (x 79B)
Class com.google.common.cache.CacheStats                                              : loaded 2 times (x 71B)
Class com.google.common.collect.RegularImmutableMap$KeySet                            : loaded 2 times (x 152B)
Class org.objectweb.asm.RecordComponentWriter                                         : loaded 2 times (x 78B)
Class com.google.common.util.concurrent.AbstractFuture$Listener                       : loaded 2 times (x 72B)
Class com.google.common.base.CharMatcher$Or                                           : loaded 2 times (x 112B)
Class Settings_gradle$1$1                                                             : loaded 2 times (x 74B)
Class org.objectweb.asm.Attribute                                                     : loaded 2 times (x 77B)
Class com.google.common.base.Supplier                                                 : loaded 2 times (x 70B)
Class org.gradle.internal.classloader.VisitableURLClassLoader                         : loaded 2 times (x 117B)
Class Settings_gradle                                                                 : loaded 2 times (x 124B)
Class org.gradle.internal.Cast                                                        : loaded 2 times (x 71B)
Class org.gradle.api.Action                                                           : loaded 2 times (x 70B)
Class com.google.common.base.Strings                                                  : loaded 2 times (x 71B)
Class com.google.common.collect.Sets                                                  : loaded 2 times (x 71B)
Class org.objectweb.asm.Handler                                                       : loaded 2 times (x 72B)
Class com.google.common.base.CharMatcher$FastMatcher                                  : loaded 2 times (x 111B)
Class com.google.common.base.Ticker                                                   : loaded 2 times (x 72B)
Class [Lcom.google.common.cache.LocalCache$Segment;                                   : loaded 2 times (x 69B)
Class com.google.common.base.Predicate                                                : loaded 2 times (x 70B)
Class [Lcom.google.common.cache.LocalCache$Strength;                                  : loaded 2 times (x 69B)
Class com.google.common.cache.CacheBuilder$1                                          : loaded 2 times (x 85B)
Class com.google.common.collect.ImmutableMap                                          : loaded 2 times (x 120B)
Class org.gradle.internal.classpath.DefaultClassPath$ImmutableUniqueList$Builder      : loaded 2 times (x 75B)
Class com.google.common.base.CharMatcher$NegatedFastMatcher                           : loaded 2 times (x 113B)
Class com.google.common.cache.LocalCache                                              : loaded 2 times (x 187B)
Class com.google.common.cache.CacheBuilder$2                                          : loaded 2 times (x 79B)
Class com.google.common.collect.ArrayListMultimap                                     : loaded 2 times (x 172B)
Class com.google.common.cache.CacheBuilder$3                                          : loaded 2 times (x 72B)
Class [Lcom.google.common.collect.AbstractMapEntry;                                   : loaded 2 times (x 69B)
Class com.google.common.collect.ImmutableEntry                                        : loaded 2 times (x 82B)
Class com.google.common.base.PairwiseEquivalence                                      : loaded 2 times (x 83B)
Class org.gradle.internal.exceptions.NonGradleCauseExceptionsHolder                   : loaded 2 times (x 70B)
Class GradleAnnotationProcessorPatchPlugin$AnnotationProcessorModelBuilder            : loaded 2 times (x 100B)
Class com.google.common.collect.CollectPreconditions                                  : loaded 2 times (x 71B)
Class com.google.common.collect.SortedMapDifference                                   : loaded 2 times (x 70B)
Class com.google.common.cache.LocalCache$WriteThroughEntry                            : loaded 2 times (x 79B)
Class com.google.common.cache.LocalCache$HashIterator                                 : loaded 2 times (x 86B)
Class com.google.common.cache.LocalCache$EntryFactory                                 : loaded 2 times (x 83B)
Class com.google.common.cache.LocalCache$AbstractReferenceEntry                       : loaded 2 times (x 107B)
Class org.gradle.internal.IoActions                                                   : loaded 2 times (x 71B)
Class org.objectweb.asm.SymbolTable                                                   : loaded 2 times (x 72B)
Class com.google.common.cache.CacheLoader$InvalidCacheLoadException                   : loaded 2 times (x 82B)
Class com.google.common.collect.ImmutableSet$RegularSetBuilderImpl                    : loaded 2 times (x 77B)
Class org.gradle.internal.classloader.SystemClassLoaderSpec                           : loaded 2 times (x 71B)
Class com.google.common.cache.LocalCache$StrongEntry                                  : loaded 2 times (x 108B)
Class com.google.common.util.concurrent.AbstractFuture$TrustedFuture                  : loaded 2 times (x 114B)
Class com.google.common.cache.LoadingCache                                            : loaded 2 times (x 70B)
Class org.gradle.internal.exceptions.MultiCauseException                              : loaded 2 times (x 70B)
Class org.gradle.internal.time.CountdownTimer                                         : loaded 2 times (x 70B)
Class org.objectweb.asm.MethodWriter                                                  : loaded 2 times (x 106B)
Class [Lcom.google.common.cache.Weigher;                                              : loaded 2 times (x 69B)
Class com.google.common.collect.RegularImmutableMap$BucketOverflowException           : loaded 2 times (x 82B)
Class org.gradle.tooling.model.ProjectModel                                           : loaded 2 times (x 70B)
Class com.google.common.collect.RegularImmutableBiMap                                 : loaded 2 times (x 149B)
Class com.google.common.base.CharMatcher$Is                                           : loaded 2 times (x 111B)
Class com.google.common.base.CharMatcher$Negated                                      : loaded 2 times (x 113B)
Class com.google.common.cache.LocalCache$ValueReference                               : loaded 2 times (x 70B)
Class org.gradle.internal.exceptions.DefaultMultiCauseException                       : loaded 2 times (x 95B)
Class com.google.common.hash.PrimitiveSink                                            : loaded 2 times (x 70B)
Class com.google.common.base.PatternCompiler                                          : loaded 2 times (x 70B)
Class com.google.common.util.concurrent.AbstractFuture$Failure                        : loaded 2 times (x 72B)
Class com.google.common.base.Equivalence$Equals                                       : loaded 2 times (x 82B)
Class com.google.common.collect.Hashing                                               : loaded 2 times (x 71B)
Class com.google.common.base.Preconditions                                            : loaded 2 times (x 71B)
Class com.google.common.base.Joiner$1                                                 : loaded 2 times (x 80B)
Class org.objectweb.asm.Label                                                         : loaded 2 times (x 73B)
Class org.objectweb.asm.CurrentFrame                                                  : loaded 2 times (x 73B)
Class org.objectweb.asm.ClassTooLargeException                                        : loaded 2 times (x 83B)
Class com.google.common.base.CharMatcher                                              : loaded 2 times (x 111B)
Class com.google.common.collect.PeekingIterator                                       : loaded 2 times (x 70B)
Class org.gradle.internal.time.Time                                                   : loaded 2 times (x 71B)
Class com.google.common.base.Joiner$2                                                 : loaded 2 times (x 79B)
Class org.objectweb.asm.Frame                                                         : loaded 2 times (x 73B)
Class org.objectweb.asm.MethodVisitor                                                 : loaded 2 times (x 105B)
Class com.google.common.base.CharMatcher$1                                            : loaded 2 times (x 113B)
Class com.google.common.base.CharMatcher$NamedFastMatcher                             : loaded 2 times (x 112B)
Class com.google.common.cache.LocalCache$EntryFactory$1                               : loaded 2 times (x 83B)
Class [Lcom.google.common.cache.RemovalListener;                                      : loaded 2 times (x 69B)
Class com.google.common.cache.LocalCache$EntryFactory$2                               : loaded 2 times (x 83B)
Class org.gradle.api.internal.classpath.GlobalCacheRootsProvider                      : loaded 2 times (x 70B)
Class org.objectweb.asm.ModuleWriter                                                  : loaded 2 times (x 82B)
Class com.google.common.cache.LocalCache$EntryFactory$3                               : loaded 2 times (x 83B)
Class com.google.common.base.Ticker$1                                                 : loaded 2 times (x 72B)
Class com.google.common.collect.Maps$BiMapConverter                                   : loaded 2 times (x 90B)
Class com.google.common.collect.ImmutableMapEntrySet$RegularEntrySet                  : loaded 2 times (x 152B)
Class org.gradle.tooling.model.BuildIdentifier                                        : loaded 2 times (x 70B)
Class com.google.common.collect.ImmutableSet$Builder                                  : loaded 2 times (x 85B)
Class com.google.common.base.CharMatcher$InRange                                      : loaded 2 times (x 111B)
Class com.google.common.cache.LocalCache$EntryFactory$4                               : loaded 2 times (x 83B)
Class com.google.common.cache.LocalCache$EntryFactory$5                               : loaded 2 times (x 83B)
Class com.google.common.base.Converter                                                : loaded 2 times (x 90B)
Class com.google.common.cache.LocalCache$EntryFactory$6                               : loaded 2 times (x 83B)
Class org.gradle.internal.time.Timer                                                  : loaded 2 times (x 70B)
Class org.gradle.internal.installation.CurrentGradleInstallationLocator               : loaded 2 times (x 71B)
Class com.google.common.base.Equivalence$Identity                                     : loaded 2 times (x 82B)
Class com.google.common.collect.Maps$KeySet                                           : loaded 2 times (x 137B)
Class com.google.common.collect.ImmutableSet$EmptySetBuilderImpl                      : loaded 2 times (x 76B)
Class com.google.common.cache.LocalCache$EntryFactory$7                               : loaded 2 times (x 83B)
Class com.google.common.collect.ImmutableList                                         : loaded 2 times (x 206B)
Class org.gradle.internal.service.DefaultServiceLocator                               : loaded 2 times (x 83B)
Class com.google.common.cache.LocalCache$EntryFactory$8                               : loaded 2 times (x 83B)
Class com.google.common.collect.ImmutableSet$SetBuilderImpl                           : loaded 2 times (x 76B)
Class org.gradle.util.GradleVersion                                                   : loaded 2 times (x 81B)
Class org.gradle.internal.installation.CurrentGradleInstallation                      : loaded 2 times (x 73B)
Class com.google.common.cache.CacheLoader$1                                           : loaded 2 times (x 75B)
Class com.google.common.collect.ImmutableList$SubList                                 : loaded 2 times (x 209B)
Class org.gradle.util.internal.GUtil                                                  : loaded 2 times (x 71B)
Class com.google.common.cache.AbstractCache$StatsCounter                              : loaded 2 times (x 70B)
Class com.google.common.collect.Iterators$MergingIterator                             : loaded 2 times (x 81B)
Class com.google.common.collect.RegularImmutableSet                                   : loaded 2 times (x 149B)
Class org.gradle.tooling.GradleConnectionException                                    : loaded 2 times (x 83B)
Class org.gradle.internal.installation.GradleInstallation                             : loaded 2 times (x 75B)
Class com.google.common.collect.Iterables                                             : loaded 2 times (x 71B)
Class com.microsoft.gradle.api.GradleMethod                                           : loaded 2 times (x 70B)

---------------  S Y S T E M  ---------------

OS:
 Windows 11 , 64 bit Build 22000 (10.0.22000.2538)
OS uptime: 0 days 0:53 hours
Hyper-V role detected

CPU: total 4 (initial active 4) (4 cores per cpu, 1 threads per core) family 6 model 94 stepping 3 microcode 0xf0, cx8, cmov, fxsr, mmx, 3dnowpref, sse, sse2, sse3, ssse3, sse4.1, sse4.2, popcnt, lzcnt, tsc, tscinvbit, avx, avx2, aes, erms, clmul, bmi1, bmi2, rtm, adx, fma, vzeroupper, clflush, clflushopt, hv, rdtscp, f16c
Processor Information for the first 4 processors :
  Max Mhz: 2496, Current Mhz: 2496, Mhz Limit: 2496

Memory: 4k page, system-wide physical 8076M (549M free)
TotalPageFile size 13919M (AvailPageFile size 4M)
current process WorkingSet (physical memory assigned to process): 282M, peak: 450M
current process commit charge ("private bytes"): 561M, peak: 583M

vm_info: OpenJDK 64-Bit Server VM (21.0.9+-14649483-b1163.86) for windows-amd64 JRE (21.0.9+-14649483-b1163.86), built on 2025-12-30T22:08:35Z by "builder" with MS VC++ 16.10 / 16.11 (VS2019)

END.
